check,tier,new,audit,diff_pt,ok,seed_sd_pt
v5 central 10y median vs audit,100k,0.0333834069438528,0.0328,0.05834069438527961,True,0.06428968733679626
v5 central 10y median vs audit,250k,0.04575954318874342,0.0461,-0.03404568112565787,True,0.06301450665239872
v5 central 10y median vs audit,1M,0.0536411151715158,0.0541,-0.04588848284842045,True,0.12245281295427732
v5 central 10y cagr_p10 vs audit,100k,-0.045467945171770226,-0.0505,0.5032054828229777,,
v5 central 10y cagr_p90 vs audit,100k,0.11521438011222572,0.124,-0.8785619887774279,,
v5 central 10y P_nom_loss vs audit,100k,0.299825,0.3109,-1.1075000000000002,,
v5 central 10y P_below_cash vs audit,100k,0.434775,0.4429,-0.8124999999999993,,
v5 central 10y dd_med vs audit,100k,-0.44501378117652185,-0.463,1.7986218823478173,,
v5 central 10y dd_p10 vs audit,100k,-0.6282458456445721,-0.6532,2.4954154355427915,,
v5 central 10y cagr_p10 vs audit,250k,-0.04414935175179245,-0.0448,0.06506482482075485,,
v5 central 10y cagr_p90 vs audit,250k,0.14051316084836313,0.1427,-0.21868391516368657,,
v5 central 10y P_nom_loss vs audit,250k,0.260675,0.2595,0.11749999999999816,,
v5 central 10y P_below_cash vs audit,250k,0.37424999999999997,0.3728,0.14499999999999513,,
v5 central 10y dd_med vs audit,250k,-0.46461958346989773,-0.4666,0.19804165301022802,,
v5 central 10y dd_p10 vs audit,250k,-0.6550688546749917,-0.6616,0.6531145325008314,,
v5 central 10y cagr_p10 vs audit,1M,-0.03314564666166165,-0.0396,0.6454353338338353,,
v5 central 10y cagr_p90 vs audit,1M,0.14749924085785832,0.1547,-0.7200759142141688,,
v5 central 10y P_nom_loss vs audit,1M,0.218625,0.2331,-1.447499999999999,,
v5 central 10y P_below_cash vs audit,1M,0.33142499999999997,0.3382,-0.6775000000000031,,
v5 central 10y dd_med vs audit,1M,-0.44388326361447245,-0.4605,1.6616736385527575,,
v5 central 10y dd_p10 vs audit,1M,-0.6247879561999058,-0.6535,2.871204380009418,,
