Variante,Capital,key,Marchés,Sharpe réel 2010-26 (ancre),Sharpe futur central,Sharpe futur cas 1 (décote commune),Volatilité,Médiane 10 ans,10e centile,90e centile,Médiane réelle (2 % infl.),P(perte),P(< monétaire),Baisse max médiane,Baisse max pire décile,P(toucher 60 % du capital),Médiane pessimiste,Médiane optimiste,Médiane cas 1 (décote commune),Médiane 5 ans,P(perte) 5 ans,Écart médiane si marge calculée sur contrats (vs cas 1),"Pente médiane par +0,1 de Sharpe",Passé 2000-26 net de tous frais (USD),Passé 2010-26 net de tous frais (USD),Passé 2015-26 net de tous frais (USD),Passé 2023-07..2026-07 net de tous frais (USD),Écart-type médiane entre graines
1. Montant fixe,100 k$,v1_100k,13.0,0.07,0.041,0.033,0.39,-0.052250744863454324,-0.15113240271370473,0.06176593943890087,-0.07083406359162192,0.725275,0.804025,-0.7395162692724763,-0.8809787202554132,0.74265,-0.12768999286700242,0.028072486201589326,-0.05546984983929635,-0.05311835642389333,0.670125,-0.0018517491935685013,0.03894061976714794,0.0054569,-0.028094,-0.051819,-0.13601,0.0005683995656679225
1. Montant fixe,250 k$,v1_250k,21.0,-0.01,-0.01,-0.008,0.374,-0.060682988129241104,-0.15946028322624575,0.05458380584959465,-0.07910096875415798,0.7548,0.828425,-0.7551159093311107,-0.8899169728494204,0.769925,-0.13041446656491648,0.0135075265711117,-0.0601388772900098,-0.06297636767529097,0.69385,-0.0015232829831425473,0.03598049828400705,0.030466,-0.041711,-0.045525,-0.16924,0.0006854655338246244
1. Montant fixe,1 M$,v1_1M,36.0,0.01,0.012,0.01,0.347,-0.04025438164623822,-0.13160320499437594,0.06517270112382212,-0.05907292318258647,0.694975,0.78535,-0.7031063419283371,-0.8523218741018705,0.685,-0.10502402058475005,0.0290493650729754,-0.0406012491973507,-0.04225449275002505,0.644625,-0.0014096601315624763,0.03351834641443136,0.044092,-0.024633,-0.045853,-0.11575,0.0009786726167548016
2. Système actuel,100 k$,v2_100k,13.0,0.25,0.159,0.127,0.206,0.02521403835594925,-0.0423408536796791,0.09745469110455054,0.00511180230975415,0.323175,0.484925,-0.4145419133660961,-0.5823152959651203,0.1885,-0.017527826299662274,0.06936480944581377,0.018301673828536924,0.0232003309801216,0.380375,4.389307844652676e-05,0.021723158936369013,0.077087,0.036426,0.019131,0.026741,0.0005066519085386781
2. Système actuel,250 k$,v2_250k,21.0,0.29,0.2,0.169,0.195,0.035947836473979325,-0.034675536272364374,0.11732689973257479,0.0156351337980189,0.2639,0.41107499999999997,-0.4056385379477266,-0.5665585824671103,0.1568,-0.0040574130697748,0.07747992402332671,0.029636271570985924,0.03416030763159378,0.338125,-5.5060267508899585e-05,0.02038433427327538,0.1059,0.045935,0.043824,-0.027963,0.0009166332183705506
2. Système actuel,1 M$,v2_1M,36.0,0.26,0.208,0.189,0.206,0.039038792063971525,-0.035147904114974426,0.12439354051415415,0.018665482415658324,0.25634999999999997,0.39492499999999997,-0.4223991447329974,-0.5839030056716148,0.17149999999999999,-0.003027461965704375,0.08284843790011742,0.0350351220148008,0.03770582176075815,0.33205,-0.00026660761948422984,0.02146897496645545,0.11086,0.042969,0.037767,-0.034618,0.0009960996034471877
3. + stratégie 13,100 k$,v3_100k,14.0,0.28,0.142,0.142,0.222,0.019401205723490397,-0.05543160695789062,0.10049212543012548,-0.0005870532122642499,0.375725,0.522,-0.46034998346027217,-0.6432881666874117,0.274025,-0.0264987366202793,0.0669206668539911,0.019401205723490397,0.017947462099848276,0.41595,0.00019475458341230295,0.0233548508685676,0.089818,0.044154,0.029317,0.031953,0.0002736990128234675
3. + stratégie 13,250 k$,v3_250k,22.0,0.37,0.212,0.212,0.208,0.03864134010255803,-0.04174353414468672,0.12781624254955518,0.01827582362995885,0.273725,0.403825,-0.4392623446852637,-0.616439597593683,0.21165,-0.0041593733191605,0.08315520077205285,0.03864134010255803,0.037546706662076275,0.34292500000000004,0.00011388487289779731,0.021828643522803337,0.12653,0.063658,0.058815,-0.034372,0.0005743459022028293
3. + stratégie 13,1 M$,v3_1M,37.0,0.32,0.23,0.23,0.212,0.043808229650796,-0.03520276885816748,0.13328783620563248,0.023341401618427474,0.2447,0.372425,-0.4345697535966014,-0.6020054054391615,0.18705,0.0002656736482272,0.08921603841877453,0.043808229650796,0.042657352008955596,0.3206,-7.39212826285987e-05,0.02223759119263683,0.13082,0.056262,0.057814,-0.01738,0.0009897189912952287
4. + pilotage du risque,100 k$,v4_100k,13.0,0.39,0.196,0.196,0.213,0.033391020830413246,-0.04602889322699477,0.1134721974655721,0.013128451794522749,0.297875,0.43527499999999997,-0.44204627321894596,-0.6322516861906874,0.233675,-0.011018876461389075,0.07933463117681949,0.033391020830413246,0.03307914369123688,0.353675,0.0007978911803455807,0.022588376909552142,0.10621,0.068864,0.034104,0.06812,0.00041420315297548154
4. + pilotage du risque,250 k$,v4_250k,23.0,0.39,0.226,0.226,0.213,0.042024284915037374,-0.045412994951067674,0.1371349910017907,0.021592436191213073,0.272325,0.391775,-0.46113962703102057,-0.6505704149027717,0.24982500000000002,-0.00188125590702685,0.0877323107358615,0.042024284915037374,0.04255626367201407,0.338075,0.00040060118465319594,0.02240339166072209,0.1355,0.072182,0.056625,-0.066007,0.0004597182909208703
4. + pilotage du risque,1 M$,v4_1M,38.0,0.37,0.267,0.267,0.215,0.05330064445511357,-0.03127671000032515,0.14442939241947353,0.032647690642268176,0.213875,0.327275,-0.4394566003341719,-0.6170254222338326,0.1963,0.008939565941091125,0.09958004231215134,0.05330064445511357,0.05322504041116693,0.2905,0.000241918081504075,0.022660119092765052,0.13279,0.069304,0.044233,-0.028771,0.0008769538844983386
5. Les deux,100 k$,v5_100k,14.0,0.4,0.2,0.2,0.215,0.0333834069438528,-0.045467945171770226,0.11521438011222572,0.013120987199855674,0.299825,0.434775,-0.44501378117652185,-0.6282458456445721,0.235975,-0.011509123480963826,0.07990010456331455,0.0333834069438528,0.03270174138649903,0.35585,0.0011162700861017255,0.022852307011069592,0.11215,0.071733,0.05344,0.08863,0.0006428968733679626
5. Les deux,250 k$,v5_250k,24.0,0.42,0.24,0.24,0.215,0.04575954318874342,-0.04414935175179245,0.14051316084836313,0.0252544541066112,0.260675,0.37424999999999997,-0.46461958346989773,-0.6550688546749917,0.25077499999999997,0.001216966581405275,0.09214083854366076,0.04575954318874342,0.04564629567751102,0.325475,0.000676484580382053,0.022730967990563872,0.14694,0.078571,0.057246,-0.061955,0.0006301450665239872
5. Les deux,1 M$,v5_1M,40.0,0.38,0.27,0.27,0.215,0.0536411151715158,-0.03314564666166165,0.14749924085785832,0.032981485462270324,0.218625,0.33142499999999997,-0.44388326361447245,-0.6247879561999058,0.2059,0.00910046016517125,0.10010122786071203,0.0536411151715158,0.05328799482612093,0.2939,0.0005431068838998299,0.022750191923885194,0.15079,0.070808,0.059623,-0.019476,0.0012245281295427731
Référence (audit vérifié) : Monétaire en euros (fonds monétaire),–,ref,,,,,,0.023,0.023,0.023,0.002941176470588225,0.0,,0.0,,,0.018,0.028,,,,,,,,,,
"Référence (audit vérifié) : ETF trend UCITS (iMGP DBi, couvert €)",–,ref,,,,,,0.0469,0.0006,0.0976,0.026372549019607838,0.0969,0.2587,-0.2513,-0.3581,,0.0282,0.0659,,,,,,,,,,
Référence (audit vérifié) : 100 % S&P 500,–,ref,,,,,,0.0599,-0.0168,0.1308,0.03911764705882348,0.1562,0.2649,-0.3977,-0.5823,,0.0349,0.0799,,,,,,,,,,
Référence (audit vérifié) : 70 % S&P 500 + 30 % ETF trend,–,ref,,,,,,0.0603,0.0118,0.1085,0.039509803921568665,0.0572,0.1619,-0.2637,-0.371,,0.0371,0.0801,,,,,,,,,,
Référence (audit vérifié) : 100 % Nasdaq-100 (type QQQ),–,ref,,,,,,0.0593,-0.0509,0.1554,0.0385294117647057,0.2403,0.3287,-0.5123,-0.7508,,0.0343,0.0793,,,,,,,,,,
Référence (audit vérifié) : 70 % Nasdaq-100 + 30 % ETF trend,–,ref,,,,,,0.0636,-0.006,0.1259,0.04274509803921567,0.1206,0.2243,-0.3373,-0.5257,,0.0403,0.0834,,,,,,,,,,
