,mult,micro,fee_flat,fee_spec,hs_px,note,notional_usd_1999,notional_usd_2010,notional_usd_today,halfspread_usd_today
AD1 Curncy,100.0,True,1.0,0.41,0.006,small (fee+spread from cost audit),6214.0,9049.0,6944.0,0.6
BO1 Comdty,600.0,False,1.0,2.97,0.015,std (pst fee+spread),14034.0,24546.0,42276.0,9.0
BP1 Curncy,62.5,True,1.0,0.41,0.0094,small (fee+spread from cost audit),10334.0,10053.0,8374.0,0.59
C 1 Comdty,5.0,True,1.0,1.0,0.24,"micro (assumed fee 1.0, 1.5x std half-spread)",1204.0,2226.0,2198.0,1.2
CC1 Comdty,10.0,False,1.0,2.97,3.9,std (pst fee+spread),13930.0,32780.0,60650.0,39.0
CD1 Curncy,1000.0,False,1.0,2.47,0.003,std (pst fee+spread),65510.0,95500.0,70860.0,3.0
CF1 Index,1.0,True,1.0,1.0,0.66,"micro (assumed fee 1.0, 1.5x std half-spread)",5258.0,5768.0,9548.0,0.76
CL1 Comdty,100.0,True,1.0,0.77,0.017,small (fee+spread from cost audit),1388.0,8601.0,7141.0,1.7
CO1 Comdty,1000.0,False,2.5,2.37,0.01,std (pst fee+spread),11140.0,80790.0,76010.0,10.0
CT1 Comdty,500.0,False,2.5,2.97,0.044,std (pst fee+spread),30085.0,38565.0,39960.0,22.0
DF1 Comdty,10.0,False,1.0,3.0,1.9,std (pst fee+spread),21796.0,13640.0,38520.0,19.0
DM1 Index,0.5,True,2.5,0.62,1.2,small (fee+spread from cost audit),5055.0,5198.0,26453.0,0.6
DU1 Comdty,1000.0,False,2.5,2.2892,0.0025,std (pst fee+spread),130306.0,155578.0,121013.0,2.86
EC1 Curncy,12500.0,True,2.5,0.41,5.9e-05,small (fee+spread from cost audit),14998.0,18012.0,14308.0,0.74
EO1 Index,20.0,True,2.5,1.0,0.18,"micro (assumed fee 1.0, 1.5x std half-spread)",13632.0,9894.0,24838.0,4.12
ER4 Comdty,2500.0,False,2.5,2.2892,0.0072,std (pst fee+spread),289745.0,351154.0,278281.0,20.6
ES1 Index,5.0,True,2.5,0.62,0.13,small (fee+spread from cost audit),6204.0,5644.0,38101.0,0.65
FC1 Comdty,500.0,False,2.5,2.97,0.04,std (pst fee+spread),34825.0,48625.0,177300.0,20.0
FV1 Comdty,1000.0,False,2.5,1.51,0.0039,std (pst fee+spread),113281.0,114547.0,106555.0,3.9
G 1 Comdty,1000.0,False,2.5,2.2778300000000002,0.005,std (pst fee+spread),197813.0,184849.0,117804.0,6.7
GC1 Comdty,1.0,True,2.5,1.0,0.14400000000000002,"micro (assumed fee 1.0, 1.5x std half-spread)",288.0,1118.0,4114.0,0.14
GX1 Index,1.0,True,2.5,0.45784,0.87,small (fee+spread from cost audit),6613.0,8712.0,28843.0,1.0
HG1 Comdty,25.0,True,2.5,1.47,0.07,small (fee+spread from cost audit),1635.0,8515.0,15705.0,1.75
HO1 Comdty,420.0,False,2.5,2.37,0.034,std (pst fee+spread),14956.0,92089.0,149239.0,14.28
IK1 Comdty,1000.0,False,2.5,2.2892,0.0063,std (pst fee+spread),140100.0,163398.0,134800.0,7.21
JB1 Comdty,1000000.0,False,2.5,3.108,0.005,std (pst fee+spread),1370701.0,1505321.0,791421.0,31.08
JY1 Curncy,125.0,True,2.5,1.0,0.00405,"micro (assumed fee 1.0, 1.5x std half-spread)",11264.0,13505.0,7770.0,0.51
KC1 Comdty,375.0,False,2.5,2.97,0.095,std (pst fee+spread),45559.0,53869.0,125344.0,35.62
KW1 Comdty,50.0,False,2.5,2.97,0.16,std (pst fee+spread),15750.0,27150.0,33812.0,8.0
LC1 Comdty,400.0,False,2.5,2.97,0.024,std (pst fee+spread),26048.0,35810.0,94080.0,9.6
LH1 Comdty,400.0,False,2.5,2.97,0.017,std (pst fee+spread),20308.0,30690.0,37910.0,6.8
MES1 Index,50.0,False,2.5,2.07,0.15,std (pst fee+spread),14924.0,49995.0,85785.0,7.5
NG1 Comdty,1000.0,True,1.0,1.0,0.00165,"micro (assumed fee 1.0, 1.5x std half-spread)",2053.0,5841.0,2940.0,1.65
NO1 Index,10.0,True,2.5,1.0,7.5,"micro (assumed fee 1.0, 1.5x std half-spread)",1261.0,1127.0,4277.0,0.47
NQ1 Index,2.0,True,2.5,0.62,0.24,small (fee+spread from cost audit),3921.0,3774.0,60064.0,0.48
NV1 Curncy,1000.0,False,1.0,2.47,0.0029,std (pst fee+spread),50535.0,73000.0,57755.0,2.9
OAT1 Comdty,1000.0,False,1.0,2.2892,0.0072,std (pst fee+spread),142326.0,165994.0,135475.0,8.24
OE1 Comdty,1000.0,False,2.5,2.2892,0.0051,std (pst fee+spread),136598.0,166767.0,131080.0,5.84
PA1 Comdty,100.0,False,2.5,2.31,0.56,std (pst fee+spread),33945.0,42140.0,127630.0,56.0
PE1 Curncy,5000.0,False,2.5,2.47,0.00055,std (pst fee+spread),48575.0,38500.0,28440.0,2.75
PL1 Comdty,50.0,False,2.5,2.47,0.23,std (pst fee+spread),18340.0,76195.0,81450.0,11.5
QC1 Comdty,10.0,False,2.5,2.2778300000000002,3.2,std (pst fee+spread),15211.0,36063.0,59518.0,42.88
QS1 Comdty,100.0,False,2.5,1.7,0.13,std (pst fee+spread),10325.0,66550.0,100800.0,13.0
QW1 Comdty,50.0,False,2.5,2.37,0.2,std (pst fee+spread),12230.0,35140.0,23355.0,10.0
RS1 Comdty,20.0,False,2.5,1.70064,0.12,std (pst fee+spread),5093.0,7884.0,11020.0,1.7
RTY1 Index,5.0,True,1.0,0.62,0.11,small (fee+spread from cost audit),2285.0,2947.0,14970.0,0.55
RX1 Comdty,1000.0,False,1.0,2.2892,0.0052,std (pst fee+spread),155023.0,174736.0,143705.0,5.95
S 1 Comdty,5.0,True,1.0,1.0,0.255,"micro (assumed fee 1.0, 1.5x std half-spread)",2810.0,5100.0,5959.0,1.27
SB1 Comdty,1120.0,False,1.0,2.97,0.005,std (pst fee+spread),9050.0,29053.0,16666.0,5.6
SF1 Curncy,1250.0,False,2.5,1.5,0.0058,std (pst fee+spread),92075.0,120575.0,155688.0,7.25
SFI5 Comdty,2500.0,False,1.0,2.2778300000000002,0.0025,std (pst fee+spread),409135.0,398024.0,321074.0,8.37
SFR5 Comdty,2500.0,False,1.0,2.12,0.003,std (pst fee+spread),236762.0,239712.0,239700.0,7.5
SI1 Comdty,1000.0,True,2.5,1.27,0.004,small (fee+spread from cost audit),4940.0,17030.0,60165.0,4.0
SM1 Comdty,100.0,False,2.5,2.97,0.057,std (pst fee+spread),14140.0,31100.0,32040.0,5.7
SM1 Index,10.0,False,2.5,4.982,1.0,std (pst fee+spread),46663.0,55998.0,177359.0,12.46
TP1 Index,1000.0,True,1.0,0.6216,0.24,small (fee+spread from cost audit),8505.0,9799.0,25225.0,1.49
TU1 Comdty,2000.0,False,2.5,1.51,0.002,std (pst fee+spread),246038.0,216516.0,205883.0,4.0
TY1 Comdty,1000.0,False,2.5,1.67,0.008,std (pst fee+spread),118969.0,115531.0,109031.0,8.0
UB1 Comdty,1000.0,False,2.5,2.2892,0.01,std (pst fee+spread),171914.0,200502.0,122724.0,11.45
US1 Comdty,1000.0,False,2.5,1.74,0.016,std (pst fee+spread),127469.0,115094.0,111156.0,16.0
UXY1 Comdty,1000.0,False,2.5,1.67,0.0081,std (pst fee+spread),128580.0,124865.0,111203.0,8.1
VG1 Index,1.0,True,2.5,0.45784,1.0,small (fee+spread from cost audit),3634.0,3651.0,7203.0,1.14
W 1 Comdty,5.0,True,2.5,1.0,0.24,"micro (assumed fee 1.0, 1.5x std half-spread)",1612.0,3089.0,3201.0,1.2
WN1 Comdty,1000.0,False,2.5,1.82,0.016,std (pst fee+spread),118673.0,118673.0,113188.0,16.0
XB1 Comdty,420.0,False,2.5,2.37,0.027,std (pst fee+spread),16191.0,87990.0,125353.0,11.34
Z 1 Index,10.0,False,2.5,2.2778300000000002,0.47,std (pst fee+spread),98047.0,87768.0,140877.0,6.3
