capital_usd,rule,n,classes,markets,median_contracts,dropped_after_rerun
50000.0,>=1 contract(s) at median,11,"Agriculture:3, FX:3, Equities:2, Metals:1, Energy:1, Taux:1",C 1 Comdty | JY1 Curncy | GC1 Comdty | NO1 Index | NG1 Comdty | DU1 Comdty | W 1 Comdty | BP1 Curncy | VG1 Index | S 1 Comdty | AD1 Curncy,C 1 Comdty:3.5 | JY1 Curncy:2.1 | GC1 Comdty:4.8 | NO1 Index:2.2 | NG1 Comdty:2.0 | DU1 Comdty:1.5 | W 1 Comdty:2.0 | BP1 Curncy:1.8 | VG1 Index:1.3 | S 1 Comdty:1.1 | AD1 Curncy:1.5,SFR5 Comdty
50000.0,>=4 contract(s) at median,4,"Agriculture:1, FX:1, Metals:1, Equities:1",C 1 Comdty | JY1 Curncy | GC1 Comdty | NO1 Index,C 1 Comdty:10.0 | JY1 Curncy:5.8 | GC1 Comdty:4.6 | NO1 Index:4.1,BP1 Curncy | W 1 Comdty
100000.0,>=1 contract(s) at median,14,"FX:4, Agriculture:3, Equities:3, Taux:2, Metals:1, Energy:1",C 1 Comdty | JY1 Curncy | GC1 Comdty | NO1 Index | NG1 Comdty | DU1 Comdty | W 1 Comdty | BP1 Curncy | VG1 Index | SFR5 Comdty | S 1 Comdty | AD1 Curncy | CF1 Index | EC1 Curncy,C 1 Comdty:6.8 | JY1 Curncy:3.0 | GC1 Comdty:10.0 | NO1 Index:2.9 | NG1 Comdty:3.9 | DU1 Comdty:1.5 | W 1 Comdty:3.8 | BP1 Curncy:2.6 | VG1 Index:1.7 | SFR5 Comdty:1.2 | S 1 Comdty:2.2 | AD1 Curncy:2.2 | CF1 Index:1.3 | EC1 Curncy:1.3,PE1 Curncy | CL1 Comdty | ER4 Comdty
100000.0,>=4 contract(s) at median,6,"Agriculture:2, FX:2, Metals:1, Equities:1",C 1 Comdty | JY1 Curncy | GC1 Comdty | NO1 Index | W 1 Comdty | BP1 Curncy,C 1 Comdty:11.9 | JY1 Curncy:6.8 | GC1 Comdty:10.2 | NO1 Index:9.2 | W 1 Comdty:6.5 | BP1 Curncy:5.8,VG1 Index | AD1 Curncy | NG1 Comdty
250000.0,>=1 contract(s) at median,24,"Equities:6, Agriculture:5, FX:5, Taux:4, Metals:2, Energy:2",C 1 Comdty | JY1 Curncy | GC1 Comdty | NO1 Index | NG1 Comdty | DU1 Comdty | W 1 Comdty | BP1 Curncy | HG1 Comdty | VG1 Index | CL1 Comdty | SFR5 Comdty | S 1 Comdty | AD1 Curncy | CF1 Index | ER4 Comdty | RS1 Comdty | EC1 Curncy | DM1 Index | SFI5 Comdty | SB1 Comdty | PE1 Curncy | RTY1 Index | TP1 Index,C 1 Comdty:13.9 | JY1 Curncy:7.6 | GC1 Comdty:16.0 | NO1 Index:4.4 | NG1 Comdty:6.4 | DU1 Comdty:2.4 | W 1 Comdty:7.2 | BP1 Curncy:6.9 | HG1 Comdty:1.4 | VG1 Index:2.7 | CL1 Comdty:2.5 | SFR5 Comdty:2.0 | S 1 Comdty:4.4 | AD1 Curncy:5.9 | CF1 Index:2.1 | ER4 Comdty:2.0 | RS1 Comdty:1.5 | EC1 Curncy:3.2 | DM1 Index:1.2 | SFI5 Comdty:1.6 | SB1 Comdty:1.1 | PE1 Curncy:1.9 | RTY1 Index:1.2 | TP1 Index:1.2,TU1 Comdty | ES1 Index | CD1 Curncy
250000.0,>=4 contract(s) at median,11,"Agriculture:3, FX:3, Equities:2, Metals:1, Energy:1, Taux:1",C 1 Comdty | JY1 Curncy | GC1 Comdty | NO1 Index | NG1 Comdty | DU1 Comdty | W 1 Comdty | BP1 Curncy | VG1 Index | S 1 Comdty | AD1 Curncy,C 1 Comdty:17.3 | JY1 Curncy:10.4 | GC1 Comdty:24.2 | NO1 Index:10.8 | NG1 Comdty:9.8 | DU1 Comdty:7.6 | W 1 Comdty:9.8 | BP1 Curncy:9.0 | VG1 Index:6.3 | S 1 Comdty:5.4 | AD1 Curncy:7.5,SFR5 Comdty | EC1 Curncy | CF1 Index
500000.0,>=1 contract(s) at median,32,"Equities:9, Agriculture:7, FX:6, Taux:6, Metals:2, Energy:2",C 1 Comdty | JY1 Curncy | GC1 Comdty | NO1 Index | NG1 Comdty | DU1 Comdty | W 1 Comdty | BP1 Curncy | HG1 Comdty | VG1 Index | CL1 Comdty | SFR5 Comdty | S 1 Comdty | AD1 Curncy | CF1 Index | ER4 Comdty | RS1 Comdty | EC1 Curncy | DM1 Index | SFI5 Comdty | SB1 Comdty | PE1 Curncy | RTY1 Index | TU1 Comdty | CT1 Comdty | CD1 Curncy | TP1 Index | FV1 Comdty | LH1 Comdty | ES1 Index | GX1 Index | EO1 Index,C 1 Comdty:19.1 | JY1 Curncy:13.7 | GC1 Comdty:34.4 | NO1 Index:6.0 | NG1 Comdty:13.2 | DU1 Comdty:3.4 | W 1 Comdty:10.4 | BP1 Curncy:11.5 | HG1 Comdty:3.0 | VG1 Index:3.7 | CL1 Comdty:5.2 | SFR5 Comdty:2.8 | S 1 Comdty:6.6 | AD1 Curncy:10.3 | CF1 Index:2.9 | ER4 Comdty:2.8 | RS1 Comdty:2.3 | EC1 Curncy:5.7 | DM1 Index:1.7 | SFI5 Comdty:2.1 | SB1 Comdty:1.6 | PE1 Curncy:3.3 | RTY1 Index:1.6 | TU1 Comdty:1.4 | CT1 Comdty:1.2 | CD1 Curncy:1.9 | TP1 Index:1.6 | FV1 Comdty:1.2 | LH1 Comdty:1.1 | ES1 Index:1.5 | GX1 Index:1.2 | EO1 Index:1.3,NV1 Curncy
500000.0,>=4 contract(s) at median,16,"FX:4, Agriculture:3, Equities:3, Taux:3, Energy:2, Metals:1",C 1 Comdty | JY1 Curncy | GC1 Comdty | NO1 Index | NG1 Comdty | DU1 Comdty | W 1 Comdty | BP1 Curncy | VG1 Index | CL1 Comdty | SFR5 Comdty | S 1 Comdty | AD1 Curncy | CF1 Index | ER4 Comdty | EC1 Curncy,C 1 Comdty:37.2 | JY1 Curncy:15.8 | GC1 Comdty:53.5 | NO1 Index:15.6 | NG1 Comdty:10.3 | DU1 Comdty:5.4 | W 1 Comdty:20.8 | BP1 Curncy:14.2 | VG1 Index:8.8 | CL1 Comdty:4.1 | SFR5 Comdty:4.5 | S 1 Comdty:11.6 | AD1 Curncy:12.5 | CF1 Index:7.3 | ER4 Comdty:4.5 | EC1 Curncy:6.9,DM1 Index | RS1 Comdty | PE1 Curncy
1000000.0,>=1 contract(s) at median,40,"Agriculture:10, Equities:10, Taux:9, FX:7, Metals:2, Energy:2",C 1 Comdty | JY1 Curncy | GC1 Comdty | NO1 Index | NG1 Comdty | DU1 Comdty | W 1 Comdty | BP1 Curncy | HG1 Comdty | VG1 Index | CL1 Comdty | SFR5 Comdty | S 1 Comdty | AD1 Curncy | CF1 Index | ER4 Comdty | RS1 Comdty | EC1 Curncy | DM1 Index | SFI5 Comdty | SB1 Comdty | PE1 Curncy | RTY1 Index | TU1 Comdty | CT1 Comdty | CD1 Curncy | TP1 Index | FV1 Comdty | LH1 Comdty | NV1 Curncy | ES1 Index | OE1 Comdty | KW1 Comdty | GX1 Index | UXY1 Comdty | LC1 Comdty | EO1 Index | TY1 Comdty | QW1 Comdty | NQ1 Index,C 1 Comdty:26.2 | JY1 Curncy:23.7 | GC1 Comdty:69.0 | NO1 Index:11.0 | NG1 Comdty:26.8 | DU1 Comdty:4.5 | W 1 Comdty:14.8 | BP1 Curncy:20.3 | HG1 Comdty:6.0 | VG1 Index:6.8 | CL1 Comdty:10.8 | SFR5 Comdty:3.9 | S 1 Comdty:9.4 | AD1 Curncy:17.7 | CF1 Index:5.4 | ER4 Comdty:3.8 | RS1 Comdty:3.2 | EC1 Curncy:10.0 | DM1 Index:3.0 | SFI5 Comdty:2.9 | SB1 Comdty:2.3 | PE1 Curncy:6.1 | RTY1 Index:3.0 | TU1 Comdty:1.9 | CT1 Comdty:1.8 | CD1 Curncy:3.4 | TP1 Index:2.8 | FV1 Comdty:1.7 | LH1 Comdty:1.6 | NV1 Curncy:1.9 | ES1 Index:2.7 | OE1 Comdty:1.3 | KW1 Comdty:1.3 | GX1 Index:2.1 | UXY1 Comdty:1.0 | LC1 Comdty:1.2 | EO1 Index:2.3 | TY1 Comdty:1.1 | QW1 Comdty:1.0 | NQ1 Index:1.0,SF1 Curncy | SM1 Comdty | SI1 Comdty
1000000.0,>=4 contract(s) at median,24,"Equities:6, Agriculture:5, FX:5, Taux:4, Metals:2, Energy:2",C 1 Comdty | JY1 Curncy | GC1 Comdty | NO1 Index | NG1 Comdty | DU1 Comdty | W 1 Comdty | BP1 Curncy | HG1 Comdty | VG1 Index | CL1 Comdty | SFR5 Comdty | S 1 Comdty | AD1 Curncy | CF1 Index | ER4 Comdty | RS1 Comdty | EC1 Curncy | DM1 Index | SFI5 Comdty | SB1 Comdty | PE1 Curncy | RTY1 Index | TP1 Index,C 1 Comdty:55.6 | JY1 Curncy:30.6 | GC1 Comdty:64.0 | NO1 Index:17.7 | NG1 Comdty:25.8 | DU1 Comdty:9.6 | W 1 Comdty:28.7 | BP1 Curncy:27.7 | HG1 Comdty:5.7 | VG1 Index:10.9 | CL1 Comdty:9.9 | SFR5 Comdty:8.1 | S 1 Comdty:17.4 | AD1 Curncy:23.5 | CF1 Index:8.4 | ER4 Comdty:7.9 | RS1 Comdty:6.0 | EC1 Curncy:12.9 | DM1 Index:4.7 | SFI5 Comdty:6.2 | SB1 Comdty:4.2 | PE1 Curncy:7.8 | RTY1 Index:4.6 | TP1 Index:4.7,TU1 Comdty | ES1 Index | CD1 Curncy
2000000.0,>=1 contract(s) at median,50,"Agriculture:12, Taux:12, Equities:11, FX:8, Metals:4, Energy:3",C 1 Comdty | JY1 Curncy | GC1 Comdty | NO1 Index | NG1 Comdty | DU1 Comdty | W 1 Comdty | BP1 Curncy | HG1 Comdty | VG1 Index | CL1 Comdty | SFR5 Comdty | S 1 Comdty | AD1 Curncy | SI1 Comdty | CF1 Index | CO1 Comdty | ER4 Comdty | RS1 Comdty | EC1 Curncy | PL1 Comdty | DM1 Index | SFI5 Comdty | SB1 Comdty | PE1 Curncy | RTY1 Index | TU1 Comdty | CT1 Comdty | CD1 Curncy | TP1 Index | FV1 Comdty | LH1 Comdty | NV1 Curncy | ES1 Index | OE1 Comdty | KW1 Comdty | SF1 Curncy | GX1 Index | UXY1 Comdty | LC1 Comdty | EO1 Index | TY1 Comdty | QW1 Comdty | NQ1 Index | IK1 Comdty | SM1 Comdty | Z 1 Index | RX1 Comdty | BO1 Comdty | OAT1 Comdty,C 1 Comdty:47.9 | JY1 Curncy:44.8 | GC1 Comdty:75.1 | NO1 Index:21.8 | NG1 Comdty:38.8 | DU1 Comdty:7.5 | W 1 Comdty:26.7 | BP1 Curncy:37.9 | HG1 Comdty:6.2 | VG1 Index:13.2 | CL1 Comdty:16.5 | SFR5 Comdty:6.4 | S 1 Comdty:16.1 | AD1 Curncy:34.9 | SI1 Comdty:1.5 | CF1 Index:10.3 | CO1 Comdty:1.4 | ER4 Comdty:6.3 | RS1 Comdty:5.9 | EC1 Curncy:18.8 | PL1 Comdty:1.0 | DM1 Index:5.9 | SFI5 Comdty:4.8 | SB1 Comdty:4.1 | PE1 Curncy:12.0 | RTY1 Index:5.7 | TU1 Comdty:3.2 | CT1 Comdty:3.4 | CD1 Curncy:6.5 | TP1 Index:5.4 | FV1 Comdty:2.7 | LH1 Comdty:3.0 | NV1 Curncy:3.6 | ES1 Index:5.1 | OE1 Comdty:2.0 | KW1 Comdty:2.3 | SF1 Curncy:1.8 | GX1 Index:4.3 | UXY1 Comdty:1.7 | LC1 Comdty:2.1 | EO1 Index:4.5 | TY1 Comdty:1.6 | QW1 Comdty:1.9 | NQ1 Index:1.9 | IK1 Comdty:1.4 | SM1 Comdty:1.8 | Z 1 Index:1.0 | RX1 Comdty:1.2 | BO1 Comdty:1.2 | OAT1 Comdty:1.0,
2000000.0,>=4 contract(s) at median,32,"Equities:9, Agriculture:7, FX:6, Taux:6, Metals:2, Energy:2",C 1 Comdty | JY1 Curncy | GC1 Comdty | NO1 Index | NG1 Comdty | DU1 Comdty | W 1 Comdty | BP1 Curncy | HG1 Comdty | VG1 Index | CL1 Comdty | SFR5 Comdty | S 1 Comdty | AD1 Curncy | CF1 Index | ER4 Comdty | RS1 Comdty | EC1 Curncy | DM1 Index | SFI5 Comdty | SB1 Comdty | PE1 Curncy | RTY1 Index | TU1 Comdty | CT1 Comdty | CD1 Curncy | TP1 Index | FV1 Comdty | LH1 Comdty | ES1 Index | GX1 Index | EO1 Index,C 1 Comdty:76.3 | JY1 Curncy:54.6 | GC1 Comdty:137.6 | NO1 Index:24.1 | NG1 Comdty:52.6 | DU1 Comdty:13.5 | W 1 Comdty:41.5 | BP1 Curncy:46.2 | HG1 Comdty:11.9 | VG1 Index:14.8 | CL1 Comdty:20.8 | SFR5 Comdty:11.3 | S 1 Comdty:26.2 | AD1 Curncy:41.2 | CF1 Index:11.7 | ER4 Comdty:11.1 | RS1 Comdty:9.0 | EC1 Curncy:22.9 | DM1 Index:6.7 | SFI5 Comdty:8.5 | SB1 Comdty:6.2 | PE1 Curncy:13.4 | RTY1 Index:6.4 | TU1 Comdty:5.8 | CT1 Comdty:4.9 | CD1 Curncy:7.6 | TP1 Index:6.3 | FV1 Comdty:5.0 | LH1 Comdty:4.5 | ES1 Index:5.8 | GX1 Index:4.7 | EO1 Index:5.0,NV1 Curncy
5000000.0,>=1 contract(s) at median,63,"Taux:16, Agriculture:15, Equities:13, FX:8, Energy:6, Metals:5",C 1 Comdty | JY1 Curncy | GC1 Comdty | NO1 Index | NG1 Comdty | DU1 Comdty | W 1 Comdty | BP1 Curncy | HG1 Comdty | VG1 Index | CL1 Comdty | SFR5 Comdty | S 1 Comdty | AD1 Curncy | SI1 Comdty | CF1 Index | CO1 Comdty | ER4 Comdty | RS1 Comdty | EC1 Curncy | PL1 Comdty | DM1 Index | QS1 Comdty | SFI5 Comdty | SB1 Comdty | PE1 Curncy | PA1 Comdty | RTY1 Index | XB1 Comdty | TU1 Comdty | CT1 Comdty | CD1 Curncy | TP1 Index | HO1 Comdty | FV1 Comdty | LH1 Comdty | NV1 Curncy | ES1 Index | OE1 Comdty | KW1 Comdty | SF1 Curncy | GX1 Index | UXY1 Comdty | LC1 Comdty | EO1 Index | TY1 Comdty | QW1 Comdty | NQ1 Index | IK1 Comdty | SM1 Comdty | Z 1 Index | RX1 Comdty | BO1 Comdty | MES1 Index | OAT1 Comdty | DF1 Comdty | SM1 Index | US1 Comdty | FC1 Comdty | UB1 Comdty | QC1 Comdty | WN1 Comdty | G 1 Comdty,C 1 Comdty:99.0 | JY1 Curncy:114.6 | GC1 Comdty:152.7 | NO1 Index:48.6 | NG1 Comdty:51.3 | DU1 Comdty:14.3 | W 1 Comdty:54.8 | BP1 Curncy:101.9 | HG1 Comdty:12.9 | VG1 Index:29.8 | CL1 Comdty:20.8 | SFR5 Comdty:13.4 | S 1 Comdty:33.4 | AD1 Curncy:93.6 | SI1 Comdty:3.2 | CF1 Index:23.7 | CO1 Comdty:1.8 | ER4 Comdty:12.0 | RS1 Comdty:12.0 | EC1 Curncy:49.2 | PL1 Comdty:2.2 | DM1 Index:12.9 | QS1 Comdty:1.5 | SFI5 Comdty:9.7 | SB1 Comdty:8.5 | PE1 Curncy:32.6 | PA1 Comdty:1.6 | RTY1 Index:12.6 | XB1 Comdty:1.4 | TU1 Comdty:6.6 | CT1 Comdty:6.7 | CD1 Curncy:16.7 | TP1 Index:12.0 | HO1 Comdty:1.0 | FV1 Comdty:5.5 | LH1 Comdty:6.2 | NV1 Curncy:9.7 | ES1 Index:10.9 | OE1 Comdty:3.9 | KW1 Comdty:4.7 | SF1 Curncy:4.7 | GX1 Index:9.4 | UXY1 Comdty:3.4 | LC1 Comdty:4.2 | EO1 Index:9.5 | TY1 Comdty:3.3 | QW1 Comdty:4.1 | NQ1 Index:4.1 | IK1 Comdty:2.8 | SM1 Comdty:3.8 | Z 1 Index:2.4 | RX1 Comdty:2.3 | BO1 Comdty:2.5 | MES1 Index:1.8 | OAT1 Comdty:2.0 | DF1 Comdty:2.0 | SM1 Index:1.2 | US1 Comdty:1.8 | FC1 Comdty:1.9 | UB1 Comdty:1.7 | QC1 Comdty:1.2 | WN1 Comdty:1.6 | G 1 Comdty:1.4,
5000000.0,>=4 contract(s) at median,43,"Agriculture:11, Equities:10, Taux:9, FX:8, Metals:3, Energy:2",C 1 Comdty | JY1 Curncy | GC1 Comdty | NO1 Index | NG1 Comdty | DU1 Comdty | W 1 Comdty | BP1 Curncy | HG1 Comdty | VG1 Index | CL1 Comdty | SFR5 Comdty | S 1 Comdty | AD1 Curncy | SI1 Comdty | CF1 Index | ER4 Comdty | RS1 Comdty | EC1 Curncy | DM1 Index | SFI5 Comdty | SB1 Comdty | PE1 Curncy | RTY1 Index | TU1 Comdty | CT1 Comdty | CD1 Curncy | TP1 Index | FV1 Comdty | LH1 Comdty | NV1 Curncy | ES1 Index | OE1 Comdty | KW1 Comdty | SF1 Curncy | GX1 Index | UXY1 Comdty | LC1 Comdty | EO1 Index | TY1 Comdty | QW1 Comdty | NQ1 Index | SM1 Comdty,C 1 Comdty:121.6 | JY1 Curncy:104.4 | GC1 Comdty:233.5 | NO1 Index:56.4 | NG1 Comdty:130.8 | DU1 Comdty:23.6 | W 1 Comdty:67.1 | BP1 Curncy:88.2 | HG1 Comdty:20.1 | VG1 Index:34.0 | CL1 Comdty:56.6 | SFR5 Comdty:19.8 | S 1 Comdty:42.1 | AD1 Curncy:78.9 | SI1 Comdty:4.6 | CF1 Index:26.6 | ER4 Comdty:19.1 | RS1 Comdty:15.1 | EC1 Curncy:44.0 | DM1 Index:14.7 | SFI5 Comdty:15.0 | SB1 Comdty:10.3 | PE1 Curncy:27.3 | RTY1 Index:14.5 | TU1 Comdty:9.6 | CT1 Comdty:8.5 | CD1 Curncy:14.8 | TP1 Index:14.4 | FV1 Comdty:8.6 | LH1 Comdty:7.3 | NV1 Curncy:8.1 | ES1 Index:13.2 | OE1 Comdty:6.4 | KW1 Comdty:5.9 | SF1 Curncy:4.1 | GX1 Index:10.5 | UXY1 Comdty:5.3 | LC1 Comdty:5.3 | EO1 Index:11.9 | TY1 Comdty:5.2 | QW1 Comdty:4.8 | NQ1 Index:5.0 | SM1 Comdty:4.6,IK1 Comdty
20000000.0,>=1 contract(s) at median,66,"Agriculture:17, Taux:17, Equities:13, FX:8, Energy:6, Metals:5",C 1 Comdty | JY1 Curncy | GC1 Comdty | NO1 Index | NG1 Comdty | DU1 Comdty | W 1 Comdty | BP1 Curncy | HG1 Comdty | VG1 Index | CL1 Comdty | SFR5 Comdty | S 1 Comdty | AD1 Curncy | SI1 Comdty | CF1 Index | CO1 Comdty | ER4 Comdty | RS1 Comdty | EC1 Curncy | PL1 Comdty | DM1 Index | QS1 Comdty | SFI5 Comdty | SB1 Comdty | PE1 Curncy | PA1 Comdty | RTY1 Index | XB1 Comdty | TU1 Comdty | CT1 Comdty | CD1 Curncy | TP1 Index | HO1 Comdty | FV1 Comdty | LH1 Comdty | NV1 Curncy | ES1 Index | OE1 Comdty | KW1 Comdty | SF1 Curncy | GX1 Index | UXY1 Comdty | LC1 Comdty | EO1 Index | TY1 Comdty | QW1 Comdty | NQ1 Index | IK1 Comdty | SM1 Comdty | Z 1 Index | RX1 Comdty | BO1 Comdty | MES1 Index | OAT1 Comdty | DF1 Comdty | SM1 Index | US1 Comdty | FC1 Comdty | UB1 Comdty | QC1 Comdty | WN1 Comdty | CC1 Comdty | G 1 Comdty | KC1 Comdty | JB1 Comdty,C 1 Comdty:353.8 | JY1 Curncy:465.6 | GC1 Comdty:620.6 | NO1 Index:193.6 | NG1 Comdty:205.0 | DU1 Comdty:55.0 | W 1 Comdty:195.3 | BP1 Curncy:408.9 | HG1 Comdty:51.7 | VG1 Index:118.8 | CL1 Comdty:83.4 | SFR5 Comdty:50.9 | S 1 Comdty:117.5 | AD1 Curncy:371.9 | SI1 Comdty:12.6 | CF1 Index:95.6 | CO1 Comdty:7.2 | ER4 Comdty:45.3 | RS1 Comdty:42.4 | EC1 Curncy:198.4 | PL1 Comdty:9.1 | DM1 Index:51.5 | QS1 Comdty:5.9 | SFI5 Comdty:36.5 | SB1 Comdty:30.0 | PE1 Curncy:131.3 | PA1 Comdty:6.4 | RTY1 Index:51.2 | XB1 Comdty:5.5 | TU1 Comdty:25.4 | CT1 Comdty:23.7 | CD1 Curncy:66.7 | TP1 Index:48.4 | HO1 Comdty:4.1 | FV1 Comdty:20.7 | LH1 Comdty:22.0 | NV1 Curncy:38.4 | ES1 Index:43.4 | OE1 Comdty:14.8 | KW1 Comdty:16.8 | SF1 Curncy:19.2 | GX1 Index:38.0 | UXY1 Comdty:12.9 | LC1 Comdty:15.0 | EO1 Index:38.1 | TY1 Comdty:12.1 | QW1 Comdty:14.4 | NQ1 Index:16.4 | IK1 Comdty:10.4 | SM1 Comdty:13.4 | Z 1 Index:9.7 | RX1 Comdty:8.5 | BO1 Comdty:8.9 | MES1 Index:7.2 | OAT1 Comdty:7.5 | DF1 Comdty:7.1 | SM1 Index:5.0 | US1 Comdty:6.9 | FC1 Comdty:6.7 | UB1 Comdty:6.7 | QC1 Comdty:4.3 | WN1 Comdty:6.0 | CC1 Comdty:3.5 | G 1 Comdty:5.3 | KC1 Comdty:3.0 | JB1 Comdty:3.4,
20000000.0,>=4 contract(s) at median,63,"Taux:16, Agriculture:15, Equities:13, FX:8, Energy:6, Metals:5",C 1 Comdty | JY1 Curncy | GC1 Comdty | NO1 Index | NG1 Comdty | DU1 Comdty | W 1 Comdty | BP1 Curncy | HG1 Comdty | VG1 Index | CL1 Comdty | SFR5 Comdty | S 1 Comdty | AD1 Curncy | SI1 Comdty | CF1 Index | CO1 Comdty | ER4 Comdty | RS1 Comdty | EC1 Curncy | PL1 Comdty | DM1 Index | QS1 Comdty | SFI5 Comdty | SB1 Comdty | PE1 Curncy | PA1 Comdty | RTY1 Index | XB1 Comdty | TU1 Comdty | CT1 Comdty | CD1 Curncy | TP1 Index | HO1 Comdty | FV1 Comdty | LH1 Comdty | NV1 Curncy | ES1 Index | OE1 Comdty | KW1 Comdty | SF1 Curncy | GX1 Index | UXY1 Comdty | LC1 Comdty | EO1 Index | TY1 Comdty | QW1 Comdty | NQ1 Index | IK1 Comdty | SM1 Comdty | Z 1 Index | RX1 Comdty | BO1 Comdty | MES1 Index | OAT1 Comdty | DF1 Comdty | SM1 Index | US1 Comdty | FC1 Comdty | UB1 Comdty | QC1 Comdty | WN1 Comdty | G 1 Comdty,C 1 Comdty:396.0 | JY1 Curncy:458.6 | GC1 Comdty:610.6 | NO1 Index:194.3 | NG1 Comdty:205.0 | DU1 Comdty:57.2 | W 1 Comdty:219.2 | BP1 Curncy:407.5 | HG1 Comdty:51.4 | VG1 Index:119.3 | CL1 Comdty:83.1 | SFR5 Comdty:53.8 | S 1 Comdty:133.7 | AD1 Curncy:374.3 | SI1 Comdty:12.7 | CF1 Index:94.9 | CO1 Comdty:7.2 | ER4 Comdty:48.1 | RS1 Comdty:48.0 | EC1 Curncy:196.6 | PL1 Comdty:8.9 | DM1 Index:51.5 | QS1 Comdty:6.0 | SFI5 Comdty:38.6 | SB1 Comdty:33.9 | PE1 Curncy:130.3 | PA1 Comdty:6.3 | RTY1 Index:50.3 | XB1 Comdty:5.5 | TU1 Comdty:26.2 | CT1 Comdty:26.7 | CD1 Curncy:66.9 | TP1 Index:48.1 | HO1 Comdty:4.1 | FV1 Comdty:21.9 | LH1 Comdty:24.8 | NV1 Curncy:38.7 | ES1 Index:43.8 | OE1 Comdty:15.6 | KW1 Comdty:18.8 | SF1 Curncy:18.9 | GX1 Index:37.5 | UXY1 Comdty:13.7 | LC1 Comdty:17.0 | EO1 Index:37.8 | TY1 Comdty:13.0 | QW1 Comdty:16.2 | NQ1 Index:16.4 | IK1 Comdty:11.1 | SM1 Comdty:15.1 | Z 1 Index:9.6 | RX1 Comdty:9.2 | BO1 Comdty:10.1 | MES1 Index:7.2 | OAT1 Comdty:8.0 | DF1 Comdty:8.2 | SM1 Index:5.0 | US1 Comdty:7.2 | FC1 Comdty:7.7 | UB1 Comdty:7.0 | QC1 Comdty:4.9 | WN1 Comdty:6.4 | G 1 Comdty:5.6,
