universe,capital_usd,freq,n_markets,sharpe_2000,sharpe_2010,own_frac_sharpe_2000,own_frac_sharpe_2010,cagr_excess_2000,cagr_excess_2010,vol_2000,maxdd_2000,corr_ideal84_2000,te_ideal84_2000,te_own_2000,orders_per_yr_2010,contract_sides_per_yr_2010,commission_flat_pct_2010,fee_plus_halfspread_pct_2010
a_all84_smallest,50000,D,84,0.486,0.382,0.845,0.541,0.0499,0.037,0.1109,-0.3287,0.766,0.148,0.148,265,338,0.771,1.799
b_strict_subset_ge1c,50000,D,11,0.463,0.295,0.469,0.283,0.0807,0.0418,0.214,-0.5768,0.694,0.1676,0.0223,459,770,2.894,3.329
b_strict_subset_ge4c,50000,D,4,0.284,0.378,0.326,0.428,0.0393,0.061,0.2161,-0.5812,0.505,0.2142,0.009,351,699,2.796,2.291
strict66_liquid,50000,D,66,0.499,0.414,0.714,0.391,0.0405,0.0316,0.0852,-0.2091,0.725,0.1637,0.1644,191,250,0.906,1.255
a_all84_smallest,100000,D,84,0.65,0.417,0.845,0.541,0.083,0.0485,0.1342,-0.411,0.88,0.1156,0.1156,576,789,0.934,2.284
b_strict_subset_ge1c,100000,D,14,0.566,0.406,0.553,0.386,0.1052,0.0672,0.214,-0.5222,0.72,0.1605,0.0146,750,1470,2.705,3.303
b_strict_subset_ge4c,100000,D,6,0.251,0.293,0.297,0.344,0.0318,0.0413,0.2144,-0.5626,0.57,0.199,0.0059,609,1420,2.921,2.183
strict66_liquid,100000,D,66,0.608,0.227,0.714,0.391,0.0641,0.0191,0.1101,-0.3171,0.81,0.1411,0.1393,409,575,1.051,1.521
a_all84_smallest,250000,D,84,0.749,0.557,0.845,0.541,0.1209,0.0837,0.1685,-0.4934,0.94,0.0806,0.0806,1374,2146,1.061,2.876
b_strict_subset_ge1c,250000,D,24,0.651,0.371,0.665,0.398,0.126,0.0594,0.2141,-0.5553,0.843,0.1202,0.0151,1470,3234,2.354,4.728
b_strict_subset_ge4c,250000,D,11,0.471,0.29,0.469,0.283,0.0826,0.0406,0.2137,-0.5535,0.701,0.1655,0.0044,1243,3841,2.891,3.327
strict66_liquid,250000,D,66,0.8,0.563,0.714,0.391,0.1221,0.0795,0.1568,-0.3134,0.876,0.1082,0.1022,972,1567,1.152,1.937
a_all84_smallest,500000,D,84,0.849,0.557,0.845,0.541,0.1626,0.0966,0.197,-0.563,0.969,0.0539,0.0539,2413,4407,1.111,3.316
b_strict_subset_ge1c,500000,D,32,0.697,0.391,0.7,0.402,0.1373,0.0639,0.2138,-0.4933,0.877,0.1062,0.015,2124,5770,2.106,3.797
b_strict_subset_ge4c,500000,D,16,0.556,0.365,0.596,0.404,0.1035,0.058,0.2158,-0.5634,0.807,0.1337,0.0035,1908,7575,2.843,4.73
strict66_liquid,500000,D,66,0.719,0.428,0.714,0.391,0.1299,0.0677,0.1926,-0.4826,0.926,0.0811,0.07,1699,3239,1.202,2.297
a_all84_smallest,1000000,D,84,0.844,0.533,0.845,0.541,0.1717,0.0963,0.2105,-0.5446,0.99,0.0305,0.0305,3842,8896,1.129,3.473
b_strict_subset_ge1c,1000000,D,40,0.684,0.372,0.695,0.38,0.1342,0.0594,0.2141,-0.4925,0.892,0.0995,0.0112,2904,10395,1.898,3.259
b_strict_subset_ge4c,1000000,D,24,0.636,0.371,0.665,0.398,0.1225,0.0594,0.2146,-0.5478,0.846,0.1193,0.0037,2718,12954,2.359,4.736
strict66_liquid,1000000,D,66,0.771,0.46,0.714,0.391,0.1549,0.0802,0.2126,-0.5016,0.963,0.0581,0.0389,2683,6565,1.221,2.45
a_all84_smallest,2000000,D,84,0.811,0.499,0.845,0.541,0.1653,0.0892,0.2133,-0.5596,0.997,0.0167,0.0167,5554,17818,1.132,3.514
b_strict_subset_ge1c,2000000,D,50,0.662,0.355,0.661,0.353,0.1296,0.056,0.2158,-0.5463,0.946,0.071,0.0091,4000,16136,1.451,2.76
b_strict_subset_ge4c,2000000,D,32,0.685,0.392,0.7,0.402,0.1349,0.0642,0.215,-0.4891,0.88,0.1051,0.0034,3653,23084,2.106,3.805
strict66_liquid,2000000,D,66,0.722,0.407,0.714,0.391,0.1439,0.0679,0.215,-0.506,0.974,0.0486,0.0203,3899,13178,1.226,2.491
a_all84_smallest,5000000,D,84,0.812,0.497,0.845,0.541,0.1664,0.0889,0.2145,-0.5685,1.0,0.0063,0.0063,8067,44590,1.134,3.525
b_strict_subset_ge1c,5000000,D,63,0.719,0.385,0.724,0.389,0.1443,0.0631,0.2167,-0.5429,0.976,0.0477,0.007,5819,33425,1.244,2.507
b_strict_subset_ge4c,5000000,D,43,0.626,0.328,0.633,0.332,0.1201,0.0493,0.2147,-0.5112,0.906,0.093,0.0026,5223,46934,1.673,3.152
strict66_liquid,5000000,D,66,0.705,0.385,0.714,0.391,0.1408,0.0631,0.2166,-0.5131,0.978,0.0451,0.0077,5811,32956,1.227,2.5
a_all84_smallest,20000000,D,84,0.814,0.502,0.845,0.541,0.1671,0.0903,0.2147,-0.5498,1.0,0.0016,0.0016,11354,178336,1.134,3.524
b_strict_subset_ge1c,20000000,D,66,0.713,0.388,0.714,0.391,0.1428,0.0638,0.2166,-0.5145,0.979,0.0446,0.0019,8667,131835,1.227,2.499
b_strict_subset_ge4c,20000000,D,63,0.723,0.388,0.724,0.389,0.1455,0.0639,0.2168,-0.5431,0.976,0.0473,0.0018,8510,133724,1.244,2.508
strict66_liquid,20000000,D,66,0.713,0.388,0.714,0.391,0.1428,0.0638,0.2166,-0.5145,0.979,0.0446,0.0019,8667,131835,1.227,2.499
b_strict_subset_ge1c,100000,W,14,0.5,0.335,0.509,0.349,0.0909,0.0514,0.2183,-0.5031,0.707,0.1658,0.0146,420,1332,2.437,2.989
b_strict_subset_ge4c,100000,W,6,0.241,0.292,0.286,0.344,0.0298,0.0416,0.2201,-0.5394,0.56,0.2039,0.0056,239,1286,2.648,1.979
a_all84_smallest,250000,W,84,0.705,0.467,0.785,0.487,0.115,0.0687,0.1726,-0.5369,0.921,0.0871,0.0808,960,1934,0.954,2.574
b_strict_subset_ge1c,250000,W,24,0.598,0.323,0.608,0.344,0.115,0.0487,0.2184,-0.5313,0.828,0.1269,0.0147,730,2937,2.132,4.297
b_strict_subset_ge4c,250000,W,11,0.435,0.268,0.428,0.254,0.075,0.0359,0.2176,-0.5083,0.687,0.1711,0.0043,459,3469,2.601,3.008
a_all84_smallest,1000000,W,84,0.787,0.492,0.785,0.487,0.1603,0.0879,0.2147,-0.5544,0.97,0.0529,0.0306,1979,8028,1.018,3.137
