failure_mode,what_happens,how_likely_for_this_system,control
Bad data tick / stale price,"A spurious spike changes EWMA vol and forecasts; with ~9x gross exposure (max ~28x) a wrong signal in a STIR/bond market can create a position worth several times capital",High over years with 84 series from ~15 exchanges,"Spike filter (reject daily moves > ~6-8 x recent daily vol until confirmed), cross-check two data sources, freeze trading in a market when data is stale/missing; pysystemtrade has a spike checker"
Missed roll / first notice day,"Physical commodities (CL, HO, RBOB, GC, SI, HG, grains, cattle, hogs, cocoa, coffee, sugar, cotton) must be rolled before FND; broker force-closes at market (IBKR liquidates positions near FND) or delivery risk; cash-settled index futures expire and the position silently disappears","~85 roll events/yr at $100k (84 mkts) to ~300/yr at $1M; ~66-100/yr for 20 markets",Roll calendar per contract (Carver rollconfig.csv offsets) + daily report of days-to-expiry/FND; roll via calendar-spread orders
Broker outage / API disconnect,"Orders not sent; positions drift from target; IB Gateway needs daily reset and periodic re-authentication","Several times a year",Idempotent order generation (always trade to target from reconciled positions); alerting; manual fallback via TWS/mobile
Fat finger / sign error,"Wrong side or 10x size; with leverage one error can cost several % of capital","Low per order but thousands of orders/yr at >$500k",Pre-trade limits: max contracts per market and per order; max order notional vs capital; compare order to target delta; limit orders around mid
Holidays and time zones,"84 markets across ~10 time zones; US close used for signals vs Asian/European closes; holidays leave stale prices that look like zero returns","Every week",Exchange calendars; treat holiday as missing not zero; trade each market in its own session
Currency balances,"Variation margin settles daily in JPY, HKD, AUD, GBP, CAD, CHF, SEK, EUR, USD; negative balances accrue debit interest; EUR base investor has FX P&L on balances","Permanent",Weekly FX sweep to base currency; keep small cash buffers per currency; monitor debit interest
Margin spike / auto-liquidation,"IBKR does not issue margin calls: positions are liquidated in real time when equity < maintenance margin, at market, broker chooses which","Backtest margin/equity: mean ~20%, p95 ~33%, max ~47% (vol-scaled model); with a 2x exchange hike + realised drawdown peak ~91-96% (SVB Mar 2023, Sep 2009)",Cap margin/equity at ~40-50% (scale positions down if above); keep most capital in cash at the broker; avoid holding T-bill ETFs that need selling; alerts at 50%/70%
Contract/market not accessible,"Some of the 84 series are not practical for a French retail account (Ethanol CBOT illiquid; SGX Iron ore, GIFT Nifty, SGX Taiwan, ICE MSCI EM, SONIA, ASX 90d bills, MIAX spring wheat, Euronext milling wheat/rapeseed, London cocoa/robusta/white sugar need extra permissions/data)","Structural",Use a 20-40 market subset of liquid micro/mini contracts; accept different results (2023-26 dispersion between 84 and 20 markets: -30% vs +18%)
Model/implementation drift,"Code bug in vol targeting (scale up to 2x) or regime multiplier doubles risk","Medium",Daily risk report: realised and ex-ante vol vs 20% target; gross exposure; per-class risk; unit tests vs backtest positions
Behavioural override,"Investor stops or cuts risk after a long drawdown (variant 5 currently -43% excess, -32% total from Sept 2022 peak, 45 months underwater)","High for individuals",Pre-commit sizing (allocate only the share of wealth whose -50% you can tolerate); written rules for when to stop (e.g. only on evidence of a bug)
