,excess,total
1990,0.95614769190871,1.1135198873305177
1991,0.7021327584875481,0.7993496341021133
1992,0.35624539691788604,0.4054200029719319
1993,0.9434773837956774,1.004604937600635
1994,0.01144134403437036,0.05681932640850129
1995,0.6904114906532715,0.7886776785877216
1996,0.5451231694751473,0.6275200400226697
1997,0.47954552190891175,0.5590831102491318
1998,0.7572818882800258,0.8461648662710668
1999,0.10466247385706673,0.15903624074508982
2000,0.5823431100134766,0.6800090220523796
2001,0.4212387221637748,0.4720759837682531
2002,0.3600868451007797,0.3828287012946354
2003,0.4363721136137486,0.45143658622931526
2004,0.26748770572830405,0.2857325829295565
2005,0.07100458008858257,0.10639076896574862
2006,0.1745231746166347,0.2331838693771
2007,0.22278389212249516,0.2791577664019045
2008,0.7828962443109448,0.8083989549664168
2009,-0.016575806665211412,-0.015049899463975946
2010,0.3918803505539292,0.39386671924880035
2011,-0.04284910517596319,-0.04233039358068158
2012,-0.11198978492347,-0.1111851918311163
2013,0.10037144106918094,0.10102501948438825
2014,0.8226364776405202,0.8232497236405498
2015,0.10154456440486714,0.10214428009896315
2016,-0.18375812651563572,-0.1810728421086254
2017,-0.1433538866924836,-0.13506812026662385
2018,0.0031328511893744526,0.02346847607195457
2019,0.20202083545230876,0.2279302661700926
2020,0.8571484996904035,0.8641202245224049
2021,0.3635919388131379,0.36423375370825606
2022,0.3253657413652482,0.35344913096515307
2023,-0.1502270636853944,-0.10457711955861793
2024,-0.18572198798784767,-0.14252024574526811
2025,-0.02215352939261528,0.01990096612110248
2026,-0.040311232155221366,-0.021260214508044495
