name,description,sharpe 1990-2024,sharpe 1990-99,sharpe 2000-09,sharpe 2010-19,sharpe 2015-24,sharpe 2020-24,sharpe since 2023,sharpe 2000-2024,vol (own),scale to base vol,CAGR at base vol,arith ann return at base vol,maxDD at base vol,maxDD (own vol),monthly skew,costs/yr (own),costs/yr at base vol,costs/yr SR units,avg leverage (own),avg |forecast|,corr with base (daily),t diff 2000-2024,t diff NW10 2000-2024,SR diff 2000-2024,t diff 1990-2024,t diff NW10 1990-2024,SR diff 1990-2024,notes,corr with Sepp baseline (daily)
T,(i) Trend only: baseline EWMAC 8-64 forecast (FDM 1.13) on Carver data,0.7216,0.9317,0.8500,0.2783,0.3449,0.8072,0.0901,0.6435,0.1816,1.0000,0.1193,0.1290,-0.3637,-0.3637,0.5671,0.0133,0.0133,0.0731,4.9295,8.5288,1.0000,,,0.0000,,,0.0000,reference,0.9117
C,"(ii) Carry only, AFTS strategy ten: Carry5/20/60/120, scalar 30, cap 20, w 0.25, FDM 1.04",1.0871,1.2867,1.1387,1.1372,0.4450,0.3454,1.3601,0.9932,0.1278,1.4205,0.1948,0.1943,-0.3256,-0.2369,0.1737,0.0124,0.0176,0.0967,6.0129,9.8413,0.4520,1.1975,1.1126,0.3497,2.0623,1.9776,0.3654,ex-ante spec,0.4232
TC,"(iii) Trend + carry, AFTS strategy eleven: 60/40, 0.15 per EWMAC, 0.10 per carry, FDM 1.32",1.0020,1.2626,1.1050,0.6546,0.4581,0.8198,0.6889,0.8927,0.1621,1.1204,0.1768,0.1791,-0.2973,-0.2683,0.3797,0.0125,0.0140,0.0772,5.3727,8.8974,0.9384,3.4181,3.2049,0.2492,4.7190,4.5612,0.2804,ex-ante choice,0.8609
TC13,(iv) TC with strategy-13 vol-regime multiplier M on EWMAC only (M=EWMA10(2-1.5Q)),1.0804,1.3053,1.2385,0.6737,0.5665,0.9594,0.8636,0.9817,0.1664,1.0913,0.1934,0.1931,-0.2993,-0.2767,0.2892,0.0142,0.0155,0.0852,5.9237,9.5547,0.9279,4.0631,3.7821,0.3382,5.5802,5.3374,0.3587,ex-ante spec (AFTS 'adjust EWMAC' column),0.8483
T13,extra: trend only with strategy-13 multiplier,0.8457,1.0678,1.0072,0.3631,0.4852,0.9515,0.2810,0.7554,0.1884,0.9637,0.1444,0.1512,-0.3644,-0.3759,0.4431,0.0161,0.0155,0.0855,5.9410,9.6638,0.9776,2.2388,2.1537,0.1118,3.4645,3.3011,0.1241,decomposition,0.8884
C5,extra: Carry5 alone (FDM 1),1.0389,1.2776,1.2318,0.9140,0.1399,0.0623,1.4314,0.9238,0.1275,1.4237,0.1846,0.1857,-0.4092,-0.3066,0.1771,0.0169,0.0240,0.1324,6.2046,10.2350,0.4399,0.8804,0.7941,0.2802,1.7709,1.6668,0.3173,AFTS table 41 analogue,0.4131
C20,extra: Carry20 alone,1.0708,1.3055,1.1325,1.0292,0.3782,0.3566,1.2881,0.9583,0.1278,1.4212,0.1914,0.1914,-0.3009,-0.2172,0.1456,0.0133,0.0189,0.1040,6.1562,10.1298,0.4579,1.0653,0.9840,0.3148,1.9808,1.8974,0.3491,AFTS table 41 analogue,0.4291
C60,extra: Carry60 alone,1.0580,1.2295,1.0891,1.1508,0.4813,0.3885,1.3108,0.9786,0.1278,1.4212,0.1886,0.1891,-0.3161,-0.2294,0.1008,0.0114,0.0162,0.0893,6.0273,9.9046,0.4452,1.1371,1.0684,0.3350,1.8862,1.8221,0.3363,AFTS table 41 analogue,0.4167
C120,extra: Carry120 alone,1.0463,1.1906,1.0072,1.2892,0.6235,0.4128,1.4153,0.9813,0.1279,1.4194,0.1862,0.1870,-0.3575,-0.2631,0.2776,0.0104,0.0147,0.0810,5.8752,9.5999,0.4184,1.1018,1.0458,0.3378,1.7786,1.7195,0.3247,AFTS table 41 analogue,0.3907
TC80,extra: trend/carry 80/20 (FDM 1.32),0.8569,1.1115,0.9755,0.4376,0.3944,0.8164,0.3421,0.7581,0.1822,0.9968,0.1467,0.1532,-0.3352,-0.3361,0.4968,0.0135,0.0135,0.0741,5.3281,9.0320,0.9886,3.8855,3.6674,0.1146,5.2858,5.1312,0.1352,split sensitivity,0.9040
TC70,extra: trend/carry 70/30 (FDM 1.32),0.9292,1.1902,1.0405,0.5411,0.4254,0.8199,0.5120,0.8242,0.1716,1.0584,0.1616,0.1661,-0.3179,-0.3026,0.4359,0.0129,0.0137,0.0752,5.3036,8.8778,0.9700,3.6687,3.4452,0.1807,5.0056,4.8415,0.2076,split sensitivity,0.8884
TC50,extra: trend/carry 50/50 (FDM 1.32),1.0667,1.3185,1.1627,0.7753,0.4846,0.7975,0.8447,0.9566,0.1543,1.1769,0.1905,0.1907,-0.2824,-0.2433,0.3210,0.0124,0.0146,0.0803,5.5365,9.1077,0.8906,3.1048,2.9061,0.3131,4.3578,4.2085,0.3450,split sensitivity,0.8187
C_ffinf,"extra: carry only, carry readings forward-filled without limit (pysystemtrade-like)",1.0916,1.2867,1.1387,1.1490,0.4556,0.3592,1.3942,1.0002,0.1276,1.4231,0.1958,0.1951,-0.3261,-0.2369,0.1755,0.0124,0.0177,0.0973,6.0183,9.8460,0.4528,1.2244,1.1376,0.3566,2.0892,2.0036,0.3699,data-handling sensitivity,0.4239
TC_ffinf,extra: TC with unlimited forward fill of carry,1.0019,1.2626,1.1050,0.6554,0.4572,0.8175,0.6800,0.8926,0.1621,1.1204,0.1768,0.1791,-0.2973,-0.2683,0.3795,0.0126,0.0141,0.0775,5.3821,8.9056,0.9384,3.4163,3.2037,0.2490,4.7176,4.5602,0.2803,data-handling sensitivity,0.8609
SEPP84,context: repo baseline (Sepp 84 instruments) over 1990-01..2024-03,0.9881,1.7683,0.9626,0.2338,0.4309,1.0786,-0.2501,0.7225,0.1788,1.0153,0.1739,0.1766,-0.4238,-0.4187,0.6933,0.0137,0.0139,0.0765,5.6628,8.7457,0.9117,1.1460,1.9538,0.0789,3.7458,5.2509,0.2664,different data,1.0000
