cash_eur,tier,regime,sr,pre_tax_median,after_tax_median,P_nominal_loss_10y
0.023,100k,PFU31.4_carry10,0.2,2.79,1.33,41.6
0.023,100k,BNC_TMI30_carry6,0.2,2.79,0.63,45.5
0.023,100k,BNC_TMI41_carry6,0.2,2.79,0.14,48.7
0.023,250k,PFU31.4_carry10,0.24,4.08,2.33,36.0
0.023,250k,BNC_TMI30_carry6,0.24,4.08,1.51,39.7
0.023,250k,BNC_TMI41_carry6,0.24,4.08,0.95,43.1
0.023,1M,PFU31.4_carry10,0.27,4.98,3.04,32.2
0.023,1M,BNC_TMI30_carry6,0.27,4.98,2.08,36.3
0.023,1M,BNC_TMI41_carry6,0.27,4.98,1.49,39.2
0.023,UCITS_ETF_12vol,PFU_at_exit,0.1,2.76,1.96,26.8
0.023,UCITS_ETF_12vol,PFU_at_exit,0.25,4.63,3.37,15.6
0.023,UCITS_ETF_12vol,PFU_at_exit,0.4,6.53,4.84,7.7
0.0243,100k,PFU31.4_carry10,0.2,2.93,1.43,40.9
0.0243,100k,BNC_TMI30_carry6,0.2,2.93,0.72,45.0
0.0243,100k,BNC_TMI41_carry6,0.2,2.93,0.23,47.8
0.0243,250k,PFU31.4_carry10,0.24,4.22,2.43,35.5
0.0243,250k,BNC_TMI30_carry6,0.24,4.22,1.6,39.4
0.0243,250k,BNC_TMI41_carry6,0.24,4.22,1.03,42.4
0.0243,1M,PFU31.4_carry10,0.27,5.12,3.16,31.7
0.0243,1M,BNC_TMI30_carry6,0.27,5.12,2.18,35.5
0.0243,1M,BNC_TMI41_carry6,0.27,5.12,1.56,38.7
0.0243,UCITS_ETF_12vol,PFU_at_exit,0.1,2.89,2.06,25.8
0.0243,UCITS_ETF_12vol,PFU_at_exit,0.25,4.76,3.47,14.8
0.0243,UCITS_ETF_12vol,PFU_at_exit,0.4,6.67,4.95,7.4
0.0268,100k,PFU31.4_carry10,0.2,3.18,1.64,39.8
0.0268,100k,BNC_TMI30_carry6,0.2,3.18,0.89,44.0
0.0268,100k,BNC_TMI41_carry6,0.2,3.18,0.4,46.8
0.0268,250k,PFU31.4_carry10,0.24,4.48,2.64,34.4
0.0268,250k,BNC_TMI30_carry6,0.24,4.48,1.76,38.3
0.0268,250k,BNC_TMI41_carry6,0.24,4.48,1.2,41.3
0.0268,1M,PFU31.4_carry10,0.27,5.38,3.36,30.4
0.0268,1M,BNC_TMI30_carry6,0.27,5.38,2.35,34.5
0.0268,1M,BNC_TMI41_carry6,0.27,5.38,1.7,37.6
0.0268,UCITS_ETF_12vol,PFU_at_exit,0.1,3.15,2.25,24.0
0.0268,UCITS_ETF_12vol,PFU_at_exit,0.25,5.03,3.67,13.7
0.0268,UCITS_ETF_12vol,PFU_at_exit,0.4,6.93,5.17,6.8
