actif,stratégie,fréquence,% mois positifs,début,exposition moyenne,fin,pire baisse,rendement annuel,sharpe,skew mensuel,volatilité
PDBC,achat-conservation,,0.5909090909090909,2015-11-17,,2026-10-01,-0.4073022490034395,0.0939732945128322,0.4680322201152412,-0.24722826169632203,0.1811995205933067
PDBC,tendance : investi ou monétaire,quotidien,0.6439393939393939,2015-11-17,0.36981435625894715,2026-10-01,-0.17474658854050074,0.06611948340589535,0.4666034680116807,1.0553398034983243,0.10131691248608106
PDBC,tendance : investi ou monétaire,hebdo,0.6666666666666666,2015-11-17,0.369403803999567,2026-10-01,-0.1734807942942861,0.06963361813756763,0.49588478199345487,1.0434592519986687,0.10226927756369228
PDBC,tendance : investi ou monétaire,mensuel,0.7348484848484849,2015-11-17,0.3702384062232093,2026-10-01,-0.17716896977493368,0.07797293457298426,0.5672614452018712,0.6753813396403969,0.10354656815750984
PDBC,tendance : achat/vente à découvert,quotidien,0.38636363636363635,2015-11-17,0.20390353014889848,2026-10-01,-0.5176811379216708,0.040813425556978755,0.19160969519247006,1.3254557068001092,0.2238835548111409
PDBC,tendance : achat/vente à découvert,hebdo,0.44696969696969696,2015-11-17,0.20751932646656399,2026-10-01,-0.5032775032562531,0.06413749298747251,0.2906612220013206,1.4895970329688581,0.22832317547037143
PDBC,tendance : achat/vente à découvert,mensuel,0.6060606060606061,2015-11-17,0.21596762244699672,2026-10-01,-0.43340149398008265,0.085845523734418,0.3731290121618124,1.1277754611580604,0.24197184652145323
QQQ,achat-conservation,,0.59375,2000-03-16,,2026-10-01,-0.829638709807601,0.08446427509474796,0.3696362518732058,-0.5780646188289371,0.2657196597021589
QQQ,tendance : investi ou monétaire,quotidien,0.571875,2000-03-16,0.5226404785516513,2026-10-01,-0.30413599934575075,0.06331258906926429,0.4450638396617803,-0.4564260490528493,0.11018847979209484
QQQ,tendance : investi ou monétaire,hebdo,0.590625,2000-03-16,0.5215514943664286,2026-10-01,-0.3515892037331593,0.05815838163179543,0.3945059627050806,-1.181618464870206,0.11245451383867049
QQQ,tendance : investi ou monétaire,mensuel,0.63125,2000-03-16,0.5230618422075394,2026-10-01,-0.24206588133890217,0.07614161671032127,0.5093650075244553,-0.2636066135646413,0.12316516757295677
QQQ,tendance : achat/vente à découvert,quotidien,0.5,2000-03-16,0.6692187674068688,2026-10-01,-0.36751900184974773,0.049204334926526094,0.24594941234453827,0.49341397823859773,0.21073814875302507
QQQ,tendance : achat/vente à découvert,hebdo,0.540625,2000-03-16,0.6692647608579624,2026-10-01,-0.3595090816577502,0.05180251103104383,0.2570498273284203,0.29228055267710473,0.21496820354784457
QQQ,tendance : achat/vente à découvert,mensuel,0.609375,2000-03-16,0.6704157051165254,2026-10-01,-0.38459559887787464,0.07286104888467748,0.3430147524494513,-0.33519739361466716,0.22868928896638102
GLD,achat-conservation,,0.5317460317460317,2005-11-28,,2026-10-01,-0.45555013814399536,0.10339272480592587,0.5355784502486943,-0.002111595316524433,0.1866620484868639
GLD,tendance : investi ou monétaire,quotidien,0.5357142857142857,2005-11-28,0.46289077543306645,2026-10-01,-0.28275500360054917,0.05464012931008,0.3728395223125022,0.47266550687729814,0.1163662169756016
GLD,tendance : investi ou monétaire,hebdo,0.5436507936507936,2005-11-28,0.46465606787832703,2026-10-01,-0.2998925238961908,0.0545931834599942,0.37104968084245604,0.5953099001992924,0.11701291465759288
GLD,tendance : investi ou monétaire,mensuel,0.5595238095238095,2005-11-28,0.4623592742894648,2026-10-01,-0.26244895401633017,0.06455045626173073,0.45436627195358154,0.8253001191581141,0.11642125774213406
GLD,tendance : achat/vente à découvert,quotidien,0.43253968253968256,2005-11-28,0.4006271475106743,2026-10-01,-0.5640273553393649,0.056139019675485624,0.28219952172331336,1.6884278989978136,0.2290126578978255
GLD,tendance : achat/vente à découvert,hebdo,0.4722222222222222,2005-11-28,0.4071935403580695,2026-10-01,-0.616006950671766,0.05588662146190315,0.2807366426414255,1.6023641256439738,0.23160041899709663
GLD,tendance : achat/vente à découvert,mensuel,0.5238095238095238,2005-11-28,0.4007323902285599,2026-10-01,-0.6354518040325576,0.054892861826275396,0.2755635710804713,1.0636068879716212,0.23561752910415304
BTC,achat-conservation,,0.5706521739130435,2011-07-14,,2026-10-02,-0.8499962805655642,0.737873817127995,1.0941706424931865,6.999930559418951,0.7762260637460129
BTC,tendance : investi ou monétaire,quotidien,0.5597826086956522,2011-07-14,0.4550497823209849,2026-10-02,-0.6519769606902031,0.6597936223113241,1.2328905232788505,7.9575221477313045,0.5080688552705734
BTC,tendance : investi ou monétaire,hebdo,0.5706521739130435,2011-07-14,0.45516017495413963,2026-10-02,-0.6519769606902031,0.6419951156718957,1.2030307388749453,8.168834367208408,0.5141555376879181
BTC,tendance : investi ou monétaire,mensuel,0.5978260869565217,2011-07-14,0.45298997724126255,2026-10-02,-0.6519769606902031,0.6551033686279022,1.214518668817336,8.181879587373322,0.5174732804343485
BTC,tendance : achat/vente à découvert,quotidien,0.4945652173913043,2011-07-14,0.05379670510518226,2026-10-02,-0.2661324320676087,0.22456248378381272,1.0319656570589182,3.0855722565577666,0.20324295276527402
BTC,tendance : achat/vente à découvert,hebdo,0.4891304347826087,2011-07-14,0.05546344083812396,2026-10-02,-0.2688048727632504,0.21888997506701013,0.9590680761698033,3.4084553942637195,0.21683779792492003
BTC,tendance : achat/vente à découvert,mensuel,0.5652173913043478,2011-07-14,0.05594074630945216,2026-10-02,-0.32364616822088776,0.23218680346392184,0.995194001321905,4.389705201889764,0.22098284281829103
"BCOM (indice, depuis 1991)",achat-conservation,,0.5611510791366906,1992-01-16,,2026-09-25,-0.7333450891948934,0.03962533247832534,0.16827208438047195,-0.45327242857118116,0.15129745269656372
"BCOM (indice, depuis 1991)",tendance : investi ou monétaire,quotidien,0.5515587529976019,1992-01-16,0.39265727762546143,2026-09-25,-0.2515076444962754,0.03994043728703178,0.2136290238955542,0.5611949410348119,0.08314780759624547
"BCOM (indice, depuis 1991)",tendance : investi ou monétaire,hebdo,0.580335731414868,1992-01-16,0.39295660535306204,2026-09-25,-0.26639923364822604,0.04089089939337898,0.22445851737823164,0.38820659227122545,0.08335022698744071
"BCOM (indice, depuis 1991)",tendance : investi ou monétaire,mensuel,0.6498800959232613,1992-01-16,0.38533239460757923,2026-09-25,-0.21425731477460197,0.04845151411931026,0.31522525260217354,0.08797923847399236,0.08243575179460215
"BCOM (indice, depuis 1991)",tendance : achat/vente à découvert,quotidien,0.434052757793765,1992-01-16,0.11466787510673714,2026-09-25,-0.5661851063848165,0.061798514045304564,0.2686631163049295,1.189470197037598,0.23503306715388875
"BCOM (indice, depuis 1991)",tendance : achat/vente à découvert,hebdo,0.460431654676259,1992-01-16,0.11780732670957017,2026-09-25,-0.5249807673823945,0.07244017883468201,0.3107269235814652,1.0730146939957343,0.23825769999197433
"BCOM (indice, depuis 1991)",tendance : achat/vente à découvert,mensuel,0.6115107913669064,1992-01-16,0.13535503759509837,2026-09-25,-0.43889326162632625,0.09217253983101048,0.38917503397627545,0.4795484757086384,0.2372723003014758
