,group,bp_model_bp,real_bp_corrected,roll_bp_model_pa_bp,roll_real_pa_bp,tradable
ES1 Index,Equities,1.0000,0.2297,8.0000,1.8372,True
NQ1 Index,Equities,1.0000,0.1432,8.0000,1.1454,True
RTY1 Index,Equities,1.0000,0.4609,8.0000,3.6874,True
DM1 Index,Equities,1.0000,0.2268,8.0000,1.8145,True
MES1 Index,Equities,1.0000,1.1156,8.0000,8.9246,True
VG1 Index,Equities,1.0000,1.0806,8.0000,8.6445,True
GX1 Index,Equities,1.0000,0.4310,8.0000,3.4478,True
CF1 Index,Equities,1.0000,0.7672,8.0000,6.1376,True
EO1 Index,Equities,1.0000,1.2350,8.0000,9.8803,True
Z 1 Index,Equities,1.0000,0.6087,8.0000,4.8697,True
SM1 Index,Equities,1.0000,0.9831,8.0000,7.8652,True
QC1 Index,Equities,1.0000,1.5736,8.0000,12.5885,True
NO1 Index,Equities,1.0000,0.7746,8.0000,6.1968,True
TP1 Index,Equities,1.0000,0.6974,8.0000,5.5791,True
XP1 Index,Equities,1.0000,0.8779,8.0000,7.0231,True
PT1 Index,Equities,1.0000,0.5510,8.0000,4.4082,True
TWT1 Index,Equities,1.0000,0.4245,8.0000,3.3957,True
HI1 Index,Equities,1.0000,0.8693,8.0000,6.9542,True
HC1 Index,Equities,1.0000,1.7439,8.0000,13.9512,True
XU1 Index,Equities,1.0000,2.7737,8.0000,22.1895,True
JGS1 Index,Equities,1.0000,1.4153,8.0000,11.3221,True
TU1 Comdty,Bonds,1.0000,0.2676,8.0000,2.1410,True
FV1 Comdty,Bonds,1.0000,0.5077,8.0000,4.0618,True
TY1 Comdty,Bonds,1.0000,0.8869,8.0000,7.0952,True
UXY1 Comdty,Bonds,1.0000,0.8786,8.0000,7.0286,True
US1 Comdty,Bonds,1.0000,1.5960,8.0000,12.7676,True
WN1 Comdty,Bonds,1.0000,1.5744,8.0000,12.5950,True
DU1 Comdty,Bonds,1.0000,0.4256,8.0000,3.4051,True
OE1 Comdty,Bonds,1.0000,0.6200,8.0000,4.9598,True
RX1 Comdty,Bonds,1.0000,0.5735,8.0000,4.5878,True
UB1 Comdty,Bonds,1.0000,1.1192,8.0000,8.9536,True
G 1 Comdty,Bonds,1.0000,0.7621,8.0000,6.0965,True
JB1 Comdty,Bonds,1.0000,0.4320,8.0000,3.4559,True
OAT1 Comdty,Bonds,1.0000,0.7773,8.0000,6.2183,True
CN1 Comdty,Bonds,1.0000,0.6674,8.0000,5.3396,True
XM1 Comdty,Bonds,1.0000,2.4343,8.0000,19.4742,True
IK1 Comdty,Bonds,1.0000,0.7048,8.0000,5.6381,True
SFR5 Comdty,STIR,0.5000,0.4013,4.0000,3.2107,True
SFI5 Comdty,STIR,0.5000,0.3318,4.0000,2.6541,True
ER4 Comdty,STIR,0.5000,0.3393,4.0000,2.7147,True
IR4 Comdty,STIR,0.5000,0.7143,4.0000,5.7141,True
EC1 Curncy,FX,1.0000,0.4260,8.0000,3.4080,True
BP1 Curncy,FX,1.0000,0.7502,8.0000,6.0016,True
SF1 Curncy,FX,1.0000,0.5620,8.0000,4.4962,True
CD1 Curncy,FX,1.0000,0.7719,8.0000,6.1756,True
JY1 Curncy,FX,1.0000,0.7523,8.0000,6.0180,True
AD1 Curncy,FX,1.0000,0.8309,8.0000,6.6470,True
NV1 Curncy,FX,1.0000,0.9298,8.0000,7.4383,True
SE1 Curncy,FX,1.0000,3.0084,8.0000,24.0674,True
NO1 Curncy,FX,1.0000,3.6442,8.0000,29.1539,True
PE1 Curncy,FX,1.0000,1.8354,8.0000,14.6835,True
CL1 Comdty,Energy,2.0000,2.0123,48.0000,48.2958,True
CO1 Comdty,Energy,2.0000,1.6274,48.0000,39.0580,True
HO1 Comdty,Energy,2.0000,1.1157,48.0000,26.7759,True
XB1 Comdty,Energy,2.0000,1.0937,48.0000,26.2490,True
QS1 Comdty,Energy,2.0000,1.4583,48.0000,35.0000,True
CUA1 Comdty,Energy,2.0000,3.1855,48.0000,76.4522,False
NG1 Comdty,Energy,2.0000,4.5816,48.0000,109.9592,True
GC1 Comdty,Metals,2.0000,0.2934,24.0000,3.5209,True
HG1 Comdty,Metals,2.0000,0.9054,24.0000,10.8653,True
SI1 Comdty,Metals,2.0000,0.7469,24.0000,8.9634,True
PL1 Comdty,Metals,2.0000,1.7152,24.0000,20.5820,True
PA1 Comdty,Metals,2.0000,4.5687,24.0000,54.8241,True
SCO1 Comdty,Metals,2.0000,9.9696,24.0000,119.6356,False
C 1 Comdty,Agriculture,4.0000,4.9920,40.0000,49.9204,True
W 1 Comdty,Agriculture,4.0000,3.4268,40.0000,34.2679,True
KW1 Comdty,Agriculture,4.0000,3.2444,40.0000,32.4436,True
MWE1 Comdty,Agriculture,4.0000,4.7418,40.0000,47.4176,True
CA1 Comdty,Agriculture,4.0000,7.3988,40.0000,73.9884,True
S 1 Comdty,Agriculture,4.0000,1.9249,40.0000,19.2490,True
SM1 Comdty,Agriculture,4.0000,2.7060,40.0000,27.0599,True
BO1 Comdty,Agriculture,4.0000,2.8314,40.0000,28.3139,True
RS1 Comdty,Agriculture,4.0000,3.0864,40.0000,30.8642,True
IJ1 Comdty,Agriculture,4.0000,6.0019,40.0000,60.0194,True
LC1 Comdty,Agriculture,4.0000,1.3361,40.0000,13.3610,True
LH1 Comdty,Agriculture,4.0000,2.5772,40.0000,25.7716,True
FC1 Comdty,Agriculture,4.0000,1.2955,40.0000,12.9554,True
SB1 Comdty,Agriculture,4.0000,5.1423,40.0000,51.4233,True
QW1 Comdty,Agriculture,4.0000,5.2965,40.0000,52.9651,True
KC1 Comdty,Agriculture,4.0000,3.0791,40.0000,30.7913,True
DF1 Comdty,Agriculture,4.0000,5.7113,40.0000,57.1132,True
CC1 Comdty,Agriculture,4.0000,6.9200,40.0000,69.2003,True
QC1 Comdty,Agriculture,4.0000,7.5867,40.0000,75.8667,True
CT1 Comdty,Agriculture,4.0000,6.2487,40.0000,62.4875,True
