variant,window,N,sd_SR_trials,T_days,SR_ann,skew_daily,kurt_daily,SR0_ann,deflated_SR_ann,PSR_vs0,DSR,MinTRL_years
v5,1990-2026,20,0.12282205071930231,9530,1.1615611918007538,-0.20087017294847637,6.960068037546446,0.23344884838247495,0.9281123434182789,0.999999999999186,0.999999991672688,3.216084967413527
v5,1990-2026,20,0.25,9530,1.1615611918007538,-0.20087017294847637,6.960068037546446,0.4751769877951298,0.6863842040056242,0.999999999999186,0.9999850156955624,5.876939216364883
v5,1990-2026,50,0.12282205071930231,9530,1.1615611918007538,-0.20087017294847637,6.960068037546446,0.27958021399250615,0.8819809778082477,0.999999999999186,0.9999999590909077,3.5608872697345113
v5,1990-2026,50,0.25,9530,1.1615611918007538,-0.20087017294847637,6.960068037546446,0.5690757733549392,0.5924854184458147,0.999999999999186,0.9998425556946172,7.88598006687119
v5,1990-2026,74,0.12282205071930231,9530,1.1615611918007538,-0.20087017294847637,6.960068037546446,0.2975715248670043,0.8639896669337496,0.999999999999186,0.9999999254520232,3.710564805928112
v5,1990-2026,74,0.25,9530,1.1615611918007538,-0.20087017294847637,6.960068037546446,0.6056964590728798,0.555864732727874,0.999999999999186,0.9996376412805811,8.958732835242849
v5,since 2000,20,0.12282205071930231,6920,0.8384637122912821,-0.18404616696588505,7.549771896821596,0.23344884838247495,0.6050148639088071,0.9999935676255876,0.9991774674127548,7.500910670880008
v5,since 2000,20,0.25,6920,0.8384637122912821,-0.18404616696588505,7.549771896821596,0.4751769877951298,0.36328672449615235,0.9999935676255876,0.9706292385205849,20.796970877432923
v5,since 2000,50,0.12282205071930231,6920,0.8384637122912821,-0.18404616696588505,7.549771896821596,0.27958021399250615,0.558883498298776,0.9999935676255876,0.9981799886011463,8.789614057270702
v5,since 2000,50,0.25,6920,0.8384637122912821,-0.18404616696588505,7.549771896821596,0.5690757733549392,0.269387938936343,0.9999935676255876,0.9194800225518933,37.8186081417393
v5,since 2000,74,0.12282205071930231,6920,0.8384637122912821,-0.18404616696588505,7.549771896821596,0.2975715248670043,0.5408921874242778,0.9999935676255876,0.997554876370421,9.383795652080185
v5,since 2000,74,0.25,6920,0.8384637122912821,-0.18404616696588505,7.549771896821596,0.6056964590728798,0.23276725321840225,0.9999935676255876,0.8870620536984126,50.653157816828255
v5,since 2010,20,0.12282205071930231,4311,0.5368420941125701,-0.1961725262182773,9.101591414142124,0.23344884838247495,0.3033932457300952,0.9864576098277649,0.8941921335473938,29.659966617018412
v5,since 2010,20,0.25,4311,0.5368420941125701,-0.1961725262182773,9.101591414142124,0.4751769877951298,0.06166510631744038,0.9864576098277649,0.6002091262795546,717.8732932431636
v5,since 2010,50,0.12282205071930231,4311,0.5368420941125701,-0.1961725262182773,9.101591414142124,0.27958021399250615,0.257261880120064,0.9864576098277649,0.8552461505091061,41.24917518327764
v5,since 2010,50,0.25,4311,0.5368420941125701,-0.1961725262182773,9.101591414142124,0.5690757733549392,-0.03223367924236899,0.9864576098277649,0.4472101985113546,inf
v5,since 2010,74,0.12282205071930231,4311,0.5368420941125701,-0.1961725262182773,9.101591414142124,0.2975715248670043,0.23927056924556586,0.9864576098277649,0.837719431978275,47.685017052569236
v5,since 2010,74,0.25,4311,0.5368420941125701,-0.1961725262182773,9.101591414142124,0.6056964590728798,-0.06885436496030972,0.9864576098277649,0.38840133053618936,inf
v5,since 2015,20,0.12282205071930231,3007,0.38299693657763934,-0.2818419955504925,10.071770658045642,0.23344884838247495,0.14954808819516438,0.9061557071534354,0.696521273546593,121.96048770565673
v5,since 2015,20,0.25,3007,0.38299693657763934,-0.2818419955504925,10.071770658045642,0.4751769877951298,-0.09218005121749046,0.9061557071534354,0.3755897344148486,inf
v5,since 2015,50,0.12282205071930231,3007,0.38299693657763934,-0.2818419955504925,10.071770658045642,0.27958021399250615,0.1034167225851332,0.9061557071534354,0.6389811813672308,255.03041017046434
v5,since 2015,50,0.25,3007,0.38299693657763934,-0.2818419955504925,10.071770658045642,0.5690757733549392,-0.18607883677729983,0.9061557071534354,0.26105990087057895,inf
v5,since 2015,74,0.12282205071930231,3007,0.38299693657763934,-0.2818419955504925,10.071770658045642,0.2975715248670043,0.08542541171063504,0.9061557071534354,0.6155636034185986,373.76377036069744
v5,since 2015,74,0.25,3007,0.38299693657763934,-0.2818419955504925,10.071770658045642,0.6056964590728798,-0.22269952249524055,0.9061557071534354,0.2218231357446479,inf
v2,1990-2026,20,0.12282205071930231,9530,0.9136959588462132,-0.33901251780222047,9.932006130361176,0.23344884838247495,0.6802471104637383,0.999999985256418,0.9999816914086946,6.008147042045139
v2,1990-2026,20,0.25,9530,0.9136959588462132,-0.33901251780222047,9.932006130361176,0.4751769877951298,0.43851897105108345,0.999999985256418,0.9961045980871145,14.452052136817622
v2,1990-2026,50,0.12282205071930231,9530,0.9136959588462132,-0.33901251780222047,9.932006130361176,0.27958021399250615,0.6341157448537071,0.999999985256418,0.9999404367529636,6.913521275963421
v2,1990-2026,50,0.25,9530,0.9136959588462132,-0.33901251780222047,9.932006130361176,0.5690757733549392,0.3446201854912741,0.999999985256418,0.9817454217360666,23.398028473218247
v2,1990-2026,74,0.12282205071930231,9530,0.9136959588462132,-0.33901251780222047,9.932006130361176,0.2975715248670043,0.616124433979209,0.999999985256418,0.9999075285228086,7.3229415541013925
v2,1990-2026,74,0.25,9530,0.9136959588462132,-0.33901251780222047,9.932006130361176,0.6056964590728798,0.30799949977333335,0.999999985256418,0.9691879479827835,29.291785431438214
v2,since 2000,20,0.12282205071930231,6920,0.6450415453504292,-0.30812369645669935,10.47335755270715,0.23344884838247495,0.41159269696795425,0.9995995897272795,0.9837900229861912,16.236898789863453
v2,since 2000,20,0.25,6920,0.6450415453504292,-0.30812369645669935,10.47335755270715,0.4751769877951298,0.16986455755529947,0.9995995897272795,0.8113404479472497,95.31138674568602
v2,since 2000,50,0.12282205071930231,6920,0.6450415453504292,-0.30812369645669935,10.47335755270715,0.27958021399250615,0.36546133135792314,0.9995995897272795,0.9712462100194059,20.593638292810024
v2,since 2000,50,0.25,6920,0.6450415453504292,-0.30812369645669935,10.47335755270715,0.5690757733549392,0.07596577199549011,0.9995995897272795,0.653512581954832,476.5406534263978
v2,since 2000,74,0.12282205071930231,6920,0.6450415453504292,-0.30812369645669935,10.47335755270715,0.2975715248670043,0.34747002048342496,0.9995995897272795,0.9645350229443623,22.781023287946944
v2,since 2000,74,0.25,6920,0.6450415453504292,-0.30812369645669935,10.47335755270715,0.6056964590728798,0.039345086277549374,0.9995995897272795,0.5810148725018538,1776.4468450082923
v2,since 2010,20,0.12282205071930231,4311,0.4131603641402347,-0.3568587755937031,9.596321185199685,0.23344884838247495,0.17971151575775976,0.955393145720904,0.7701236578815576,84.67672488668026
v2,since 2010,20,0.25,4311,0.4131603641402347,-0.3568587755937031,9.596321185199685,0.4751769877951298,-0.06201662365489506,0.955393145720904,0.3993194105460951,inf
v2,since 2010,50,0.12282205071930231,4311,0.4131603641402347,-0.3568587755937031,9.596321185199685,0.27958021399250615,0.1335801501477286,0.955393145720904,0.7086653868015742,153.2579118833984
v2,since 2010,50,0.25,4311,0.4131603641402347,-0.3568587755937031,9.596321185199685,0.5690757733549392,-0.15591540921470443,0.955393145720904,0.26064199347653527,inf
v2,since 2010,74,0.12282205071930231,4311,0.4131603641402347,-0.3568587755937031,9.596321185199685,0.2975715248670043,0.11558883927323042,0.955393145720904,0.6827781477376292,204.67845414890974
v2,since 2010,74,0.25,4311,0.4131603641402347,-0.3568587755937031,9.596321185199685,0.6056964590728798,-0.19253609493264515,0.955393145720904,0.21417776362616542,inf
v2,since 2015,20,0.12282205071930231,3007,0.2940968125253688,-0.23232924016067347,9.82757121992074,0.23344884838247495,0.06064796414289382,0.8445137787933807,0.5827510522212889,739.293869462288
v2,since 2015,20,0.25,3007,0.2940968125253688,-0.23232924016067347,9.82757121992074,0.4751769877951298,-0.181080175269761,0.8445137787933807,0.2663684332928655,inf
v2,since 2015,50,0.12282205071930231,3007,0.2940968125253688,-0.23232924016067347,9.82757121992074,0.27958021399250615,0.01451659853286263,0.8445137787933807,0.51994305971957,12903.800157718804
v2,since 2015,50,0.25,3007,0.2940968125253688,-0.23232924016067347,9.82757121992074,0.5690757733549392,-0.2749789608295704,0.8445137787933807,0.17173752630034672,inf
v2,since 2015,74,0.12282205071930231,3007,0.2940968125253688,-0.23232924016067347,9.82757121992074,0.2975715248670043,-0.0034747123416355233,0.8445137787933807,0.49522452680775986,inf
v2,since 2015,74,0.25,3007,0.2940968125253688,-0.23232924016067347,9.82757121992074,0.6056964590728798,-0.3115996465475111,0.8445137787933807,0.14152742727496814,inf
