group_data,1990,2000,2010,2015,2023-07
Agriculture,4.261123424553096,3.1600512483302907,3.3806558444985466,3.009633265852499,6.172578735554441
Bonds,6.096560686595696,3.3165848061853187,4.006831382953592,1.771798599172815,-4.855875944830293
Energy,5.148981895814618,3.9350836057829817,2.48610195431856,1.7734481737420154,-6.5134514807887305
Equities,3.410813745550551,2.6055748901732354,0.7113824817524022,0.8051698527528243,1.6284358893254556
FX,3.4712198432749926,2.459157070299474,-0.17219360068290906,-1.35574132494017,-4.1428217304017165
Metals,3.852454591488441,4.126608348535522,2.7239435781637873,3.603546248834444,2.558791302682306
STIR,1.7922975895518678,1.3581066902314294,1.4025835933829338,1.6099966447160612,-1.2423500212066838
TOTAL gross,28.033451776829267,20.961166659538254,14.539305234386912,11.217851460130488,-6.394693249665221
costs,-2.4649443987132904,-2.467439977144031,-2.6753921050600655,-2.7053780325528405,-2.3908867256659936
