case,fixed_set,scenario,fwd_SR,horizon_y,pre_tax_med,pre_tax_p10,pre_tax_p90,real_med,real_p10,real_p90,P_nominal_loss,P_real_loss,P_below_cash,cash_cagr,maxDD_med_nominal,maxDD_worst_decile_nominal,maxDD_med_real,maxDD_worst_decile_real,P_account_below_60pct_of_start
"DIY v5 100k @21% vol, fixed $150/yr",ibg150,pess,0.0,5,-0.67,-11.6,12.06,-2.62,-13.33,9.87,52.98,61.46,62.86,2.3,-41.33,-59.07,-44.0,-61.94,27.74
"DIY v5 100k @21% vol, fixed $150/yr",ibg150,pess,0.0,10,-0.65,-8.7,7.85,-2.6,-10.49,5.74,53.96,66.32,67.98,2.3,-53.5,-73.31,-57.83,-76.72,46.0
"DIY v5 100k @21% vol, fixed $150/yr",ibg150,central,0.2,5,3.72,-7.68,16.99,1.68,-9.49,14.69,34.78,42.22,43.42,2.3,-36.32,-52.76,-38.44,-55.57,14.88
"DIY v5 100k @21% vol, fixed $150/yr",ibg150,central,0.2,10,3.78,-4.6,12.6,1.74,-6.47,10.39,28.7,39.86,41.62,2.3,-45.61,-64.51,-48.98,-68.65,24.82
"DIY v5 100k @21% vol, fixed $150/yr",ibg150,opt,0.4,5,8.29,-3.59,22.12,6.17,-5.48,19.73,19.6,26.28,27.24,2.3,-32.38,-46.67,-34.19,-49.54,7.2
"DIY v5 100k @21% vol, fixed $150/yr",ibg150,opt,0.4,10,8.38,-0.34,17.56,6.25,-2.3,15.25,10.78,17.6,18.94,2.3,-39.52,-55.79,-42.11,-59.59,10.88
"DIY v5 100k @12% vol, fixed $150/yr",ibg150,pess,-0.09,5,-0.05,-6.25,6.97,-2.01,-8.09,4.87,50.28,65.04,67.04,2.3,-25.47,-38.74,-28.87,-43.1,4.28
"DIY v5 100k @12% vol, fixed $150/yr",ibg150,pess,-0.09,10,-0.02,-4.6,4.69,-1.98,-6.47,2.64,50.3,71.18,73.92,2.3,-34.29,-51.2,-40.16,-57.79,15.84
"DIY v5 100k @12% vol, fixed $150/yr",ibg150,central,0.11,5,2.4,-3.95,9.58,0.39,-5.83,7.43,32.42,47.44,49.32,2.3,-22.05,-33.79,-24.76,-37.84,1.56
"DIY v5 100k @12% vol, fixed $150/yr",ibg150,central,0.11,10,2.45,-2.24,7.26,0.44,-4.15,5.16,25.48,45.36,48.64,2.3,-28.49,-43.09,-33.05,-49.67,5.42
"DIY v5 100k @12% vol, fixed $150/yr",ibg150,opt,0.31,5,4.9,-1.59,12.26,2.85,-3.52,10.06,17.46,29.38,31.4,2.3,-19.63,-29.51,-21.6,-33.01,0.36
"DIY v5 100k @12% vol, fixed $150/yr",ibg150,opt,0.31,10,4.97,0.19,9.89,2.91,-1.78,7.74,9.12,21.72,24.08,2.3,-24.3,-35.98,-27.59,-41.68,1.36
"DIY v5 250k @21% vol, fixed $150/yr",ibg150,pess,0.03,5,0.41,-11.5,13.72,-1.56,-13.23,11.49,48.4,56.12,57.28,2.3,-41.32,-60.41,-43.55,-63.06,27.26
"DIY v5 250k @21% vol, fixed $150/yr",ibg150,pess,0.03,10,0.29,-8.41,9.31,-1.68,-10.21,7.17,48.22,59.64,61.12,2.3,-53.62,-73.55,-57.42,-77.13,43.62
"DIY v5 250k @21% vol, fixed $150/yr",ibg150,central,0.24,5,5.04,-7.41,18.96,2.98,-9.22,16.62,31.08,38.42,39.46,2.3,-36.7,-54.6,-38.66,-57.19,15.86
"DIY v5 250k @21% vol, fixed $150/yr",ibg150,central,0.24,10,4.93,-4.15,14.36,2.87,-6.03,12.12,25.34,35.26,36.68,2.3,-46.33,-65.55,-49.34,-69.08,24.02
"DIY v5 250k @21% vol, fixed $150/yr",ibg150,opt,0.43,5,9.41,-3.55,23.9,7.27,-5.44,21.47,18.44,24.14,25.12,2.3,-33.16,-49.43,-34.78,-51.88,8.26
"DIY v5 250k @21% vol, fixed $150/yr",ibg150,opt,0.43,10,9.3,-0.14,19.12,7.16,-2.09,16.78,10.36,16.2,17.52,2.3,-41.02,-58.31,-43.32,-61.67,11.78
"DIY v5 250k @12% vol, fixed $150/yr",ibg150,pess,0.0,5,1.26,-5.1,8.3,-0.72,-6.96,6.17,40.18,56.0,58.04,2.3,-23.41,-35.94,-26.44,-40.11,2.3
"DIY v5 250k @12% vol, fixed $150/yr",ibg150,pess,0.0,10,1.29,-3.35,6.03,-0.7,-5.24,3.95,36.66,57.72,60.96,2.3,-30.72,-46.47,-35.91,-53.22,8.8
"DIY v5 250k @12% vol, fixed $150/yr",ibg150,central,0.2,5,3.73,-2.79,10.93,1.69,-4.69,8.76,24.14,37.18,39.24,2.3,-20.6,-31.27,-22.83,-35.04,0.6
"DIY v5 250k @12% vol, fixed $150/yr",ibg150,central,0.2,10,3.76,-0.98,8.61,1.73,-2.92,6.48,15.46,31.9,35.04,2.3,-25.93,-38.85,-29.72,-45.18,2.5
"DIY v5 250k @12% vol, fixed $150/yr",ibg150,opt,0.4,5,6.25,-0.41,13.63,4.17,-2.37,11.4,11.2,21.7,23.4,2.3,-18.26,-27.07,-20.12,-30.47,0.06
"DIY v5 250k @12% vol, fixed $150/yr",ibg150,opt,0.4,10,6.29,1.45,11.26,4.21,-0.54,9.08,4.52,13.04,14.66,2.3,-22.32,-32.63,-25.23,-37.73,0.34
"DIY v5 1M @21% vol, fixed $150/yr",ibg150,pess,0.05,5,0.92,-11.63,15.24,-1.06,-13.36,12.98,46.2,53.68,54.86,2.3,-41.24,-60.39,-43.52,-63.03,26.88
"DIY v5 1M @21% vol, fixed $150/yr",ibg150,pess,0.05,10,0.72,-8.32,10.34,-1.25,-10.12,8.18,46.16,56.1,57.74,2.3,-53.49,-73.61,-57.3,-77.04,41.94
"DIY v5 1M @21% vol, fixed $150/yr",ibg150,central,0.27,5,5.79,-7.36,20.8,3.72,-9.18,18.43,28.66,35.9,37.08,2.3,-36.43,-54.06,-38.33,-56.64,14.98
"DIY v5 1M @21% vol, fixed $150/yr",ibg150,central,0.27,10,5.59,-3.89,15.66,3.51,-5.77,13.39,22.86,31.62,33.0,2.3,-45.82,-64.62,-48.78,-68.3,22.68
"DIY v5 1M @21% vol, fixed $150/yr",ibg150,opt,0.47,5,10.42,-3.3,26.08,8.26,-5.2,23.61,16.88,21.74,22.42,2.3,-32.52,-48.32,-34.19,-51.06,7.92
"DIY v5 1M @21% vol, fixed $150/yr",ibg150,opt,0.47,10,10.21,0.33,20.72,8.05,-1.64,18.35,9.12,14.58,15.52,2.3,-40.33,-56.93,-42.68,-60.4,10.88
"DIY v5 1M @12% vol, fixed $150/yr",ibg150,pess,0.05,5,2.19,-4.95,9.76,0.19,-6.82,7.61,34.52,48.68,50.96,2.3,-23.36,-37.14,-26.16,-41.13,2.8
"DIY v5 1M @12% vol, fixed $150/yr",ibg150,pess,0.05,10,1.98,-3.13,7.21,-0.02,-5.03,5.11,30.64,50.2,53.02,2.3,-30.91,-46.98,-35.49,-53.38,9.0
"DIY v5 1M @12% vol, fixed $150/yr",ibg150,central,0.27,5,4.93,-2.41,12.7,2.87,-4.32,10.49,19.92,30.52,32.36,2.3,-20.44,-32.34,-22.5,-35.94,1.06
"DIY v5 1M @12% vol, fixed $150/yr",ibg150,central,0.27,10,4.71,-0.53,10.08,2.66,-2.48,7.93,12.26,25.32,27.82,2.3,-26.17,-39.76,-29.55,-45.17,2.7
"DIY v5 1M @12% vol, fixed $150/yr",ibg150,opt,0.47,5,7.48,-0.03,15.44,5.37,-1.99,13.17,10.18,17.8,19.36,2.3,-18.29,-28.48,-20.05,-31.65,0.46
"DIY v5 1M @12% vol, fixed $150/yr",ibg150,opt,0.47,10,7.26,1.89,12.76,5.16,-0.11,10.55,3.86,10.46,11.74,2.3,-23.02,-34.55,-25.6,-38.79,0.76
"DIY v5 100k @21% vol, fixed $400/yr",ibg400,pess,0.0,5,-0.94,-11.92,11.86,-2.88,-13.64,9.67,54.28,62.62,63.7,2.3,-41.67,-59.55,-44.35,-62.35,28.82
"DIY v5 100k @21% vol, fixed $400/yr",ibg400,pess,0.0,10,-0.93,-9.06,7.66,-2.87,-10.84,5.54,55.46,67.7,69.28,2.3,-54.12,-74.01,-58.4,-77.51,47.4
"DIY v5 100k @21% vol, fixed $400/yr",ibg400,central,0.2,5,3.47,-7.98,16.8,1.44,-9.78,14.51,35.74,43.18,44.78,2.3,-36.56,-53.31,-38.82,-56.03,15.56
"DIY v5 100k @21% vol, fixed $400/yr",ibg400,central,0.2,10,3.55,-4.91,12.44,1.52,-6.78,10.24,29.88,41.4,43.02,2.3,-46.02,-65.29,-49.42,-69.23,26.0
"DIY v5 100k @21% vol, fixed $400/yr",ibg400,opt,0.4,5,8.06,-3.87,21.94,5.94,-5.76,19.55,20.38,27.1,28.06,2.3,-32.57,-47.09,-34.41,-49.88,7.58
"DIY v5 100k @21% vol, fixed $400/yr",ibg400,opt,0.4,10,8.18,-0.59,17.41,6.06,-2.54,15.1,11.78,18.8,19.9,2.3,-39.75,-56.32,-42.38,-60.17,11.56
"DIY v5 100k @12% vol, fixed $400/yr",ibg400,pess,-0.09,5,-0.31,-6.53,6.74,-2.26,-8.36,4.64,52.54,66.64,68.66,2.3,-25.85,-39.41,-29.34,-43.7,4.82
"DIY v5 100k @12% vol, fixed $400/yr",ibg400,pess,-0.09,10,-0.28,-4.91,4.48,-2.24,-6.77,2.43,53.26,73.34,76.12,2.3,-34.98,-52.28,-40.98,-58.85,18.08
"DIY v5 100k @12% vol, fixed $400/yr",ibg400,central,0.11,5,2.15,-4.22,9.36,0.15,-6.1,7.21,34.18,49.04,51.12,2.3,-22.34,-34.4,-25.14,-38.39,1.82
"DIY v5 100k @12% vol, fixed $400/yr",ibg400,central,0.11,10,2.21,-2.52,7.07,0.21,-4.43,4.97,27.78,47.94,51.1,2.3,-28.99,-44.09,-33.68,-50.69,6.34
"DIY v5 100k @12% vol, fixed $400/yr",ibg400,opt,0.31,5,4.67,-1.85,12.04,2.61,-3.77,9.84,18.6,31.12,33.14,2.3,-19.83,-29.93,-21.84,-33.43,0.44
"DIY v5 100k @12% vol, fixed $400/yr",ibg400,opt,0.31,10,4.76,-0.07,9.72,2.7,-2.03,7.57,10.3,23.78,26.06,2.3,-24.64,-36.72,-27.95,-42.45,1.6
"DIY v5 250k @21% vol, fixed $400/yr",ibg400,pess,0.03,5,0.3,-11.63,13.64,-1.66,-13.36,11.41,48.8,56.44,57.7,2.3,-41.45,-60.58,-43.68,-63.24,27.7
"DIY v5 250k @21% vol, fixed $400/yr",ibg400,pess,0.03,10,0.19,-8.57,9.23,-1.78,-10.37,7.09,48.74,60.12,61.72,2.3,-53.8,-73.87,-57.63,-77.38,43.96
"DIY v5 250k @21% vol, fixed $400/yr",ibg400,central,0.24,5,4.94,-7.53,18.88,2.89,-9.34,16.55,31.3,38.86,39.82,2.3,-36.78,-54.74,-38.77,-57.38,16.06
"DIY v5 250k @21% vol, fixed $400/yr",ibg400,central,0.24,10,4.85,-4.28,14.28,2.79,-6.15,12.04,25.74,35.7,37.02,2.3,-46.47,-65.79,-49.47,-69.31,24.44
"DIY v5 250k @21% vol, fixed $400/yr",ibg400,opt,0.43,5,9.32,-3.66,23.83,7.18,-5.55,21.4,18.64,24.46,25.52,2.3,-33.25,-49.56,-34.84,-52.05,8.44
"DIY v5 250k @21% vol, fixed $400/yr",ibg400,opt,0.43,10,9.23,-0.25,19.04,7.09,-2.2,16.71,10.58,16.62,18.04,2.3,-41.09,-58.49,-43.39,-61.88,12.08
"DIY v5 250k @12% vol, fixed $400/yr",ibg400,pess,0.0,5,1.16,-5.21,8.21,-0.82,-7.07,6.09,40.72,56.64,58.7,2.3,-23.55,-36.15,-26.61,-40.36,2.4
"DIY v5 250k @12% vol, fixed $400/yr",ibg400,pess,0.0,10,1.18,-3.46,5.94,-0.8,-5.36,3.87,37.7,58.74,61.88,2.3,-30.95,-46.93,-36.26,-53.59,9.28
"DIY v5 250k @12% vol, fixed $400/yr",ibg400,central,0.2,5,3.63,-2.89,10.85,1.6,-4.8,8.67,24.8,37.9,39.96,2.3,-20.72,-31.5,-22.95,-35.27,0.66
"DIY v5 250k @12% vol, fixed $400/yr",ibg400,central,0.2,10,3.67,-1.09,8.54,1.63,-3.03,6.41,16.22,32.98,36.14,2.3,-26.08,-39.17,-29.93,-45.49,2.74
"DIY v5 250k @12% vol, fixed $400/yr",ibg400,opt,0.4,5,6.16,-0.52,13.55,4.08,-2.47,11.32,11.66,22.3,23.96,2.3,-18.36,-27.25,-20.21,-30.68,0.06
"DIY v5 250k @12% vol, fixed $400/yr",ibg400,opt,0.4,10,6.21,1.34,11.19,4.13,-0.64,9.01,4.94,13.4,15.26,2.3,-22.45,-32.83,-25.36,-37.92,0.4
"DIY v5 1M @21% vol, fixed $400/yr",ibg400,pess,0.05,5,0.89,-11.66,15.22,-1.08,-13.39,12.96,46.28,53.74,55.0,2.3,-41.27,-60.45,-43.56,-63.08,26.94
"DIY v5 1M @21% vol, fixed $400/yr",ibg400,pess,0.05,10,0.69,-8.36,10.31,-1.28,-10.16,8.15,46.3,56.2,57.88,2.3,-53.54,-73.66,-57.36,-77.08,42.04
"DIY v5 1M @21% vol, fixed $400/yr",ibg400,central,0.27,5,5.77,-7.39,20.78,3.69,-9.2,18.41,28.76,36.02,37.22,2.3,-36.44,-54.09,-38.36,-56.68,15.02
"DIY v5 1M @21% vol, fixed $400/yr",ibg400,central,0.27,10,5.56,-3.92,15.64,3.49,-5.8,13.37,22.88,31.72,33.1,2.3,-45.86,-64.69,-48.82,-68.36,22.7
"DIY v5 1M @21% vol, fixed $400/yr",ibg400,opt,0.47,5,10.4,-3.33,26.06,8.23,-5.23,23.59,16.92,21.76,22.5,2.3,-32.53,-48.35,-34.21,-51.13,7.98
"DIY v5 1M @21% vol, fixed $400/yr",ibg400,opt,0.47,10,10.19,0.3,20.7,8.03,-1.67,18.34,9.18,14.66,15.6,2.3,-40.33,-56.97,-42.69,-60.47,10.92
"DIY v5 1M @12% vol, fixed $400/yr",ibg400,pess,0.05,5,2.17,-4.98,9.74,0.17,-6.85,7.59,34.72,48.82,51.12,2.3,-23.42,-37.19,-26.18,-41.16,2.86
"DIY v5 1M @12% vol, fixed $400/yr",ibg400,pess,0.05,10,1.96,-3.16,7.19,-0.04,-5.06,5.09,30.88,50.38,53.2,2.3,-30.97,-47.05,-35.56,-53.47,9.1
"DIY v5 1M @12% vol, fixed $400/yr",ibg400,central,0.27,5,4.91,-2.44,12.68,2.85,-4.35,10.47,20.0,30.62,32.6,2.3,-20.47,-32.38,-22.54,-35.96,1.06
"DIY v5 1M @12% vol, fixed $400/yr",ibg400,central,0.27,10,4.69,-0.56,10.06,2.64,-2.51,7.91,12.28,25.62,28.0,2.3,-26.2,-39.82,-29.6,-45.23,2.78
"DIY v5 1M @12% vol, fixed $400/yr",ibg400,opt,0.47,5,7.46,-0.06,15.41,5.35,-2.02,13.15,10.3,17.88,19.46,2.3,-18.31,-28.54,-20.07,-31.71,0.48
"DIY v5 1M @12% vol, fixed $400/yr",ibg400,opt,0.47,10,7.24,1.86,12.74,5.14,-0.13,10.53,3.96,10.6,11.84,2.3,-23.05,-34.6,-25.62,-38.83,0.78
"DIY v5 100k @21% vol, fixed $1000/yr",ibg1000,pess,0.0,5,-1.59,-12.66,11.31,-3.52,-14.37,9.13,56.72,64.66,65.76,2.3,-42.53,-60.84,-45.2,-63.63,31.32
"DIY v5 100k @21% vol, fixed $1000/yr",ibg1000,pess,0.0,10,-1.61,-10.1,7.18,-3.54,-11.86,5.08,59.62,70.68,72.22,2.3,-55.57,-75.96,-60.02,-79.42,50.62
"DIY v5 100k @21% vol, fixed $1000/yr",ibg1000,central,0.2,5,2.85,-8.68,16.26,0.83,-10.47,13.98,38.18,46.18,47.6,2.3,-37.17,-54.25,-39.49,-57.11,17.52
"DIY v5 100k @21% vol, fixed $1000/yr",ibg1000,central,0.2,10,2.97,-5.73,12.03,0.95,-7.58,9.83,33.5,44.72,46.26,2.3,-46.91,-66.87,-50.36,-71.04,28.9
"DIY v5 100k @21% vol, fixed $1000/yr",ibg1000,opt,0.4,5,7.48,-4.53,21.43,5.37,-6.4,19.05,22.38,29.22,30.16,2.3,-33.05,-48.18,-34.85,-50.83,8.68
"DIY v5 100k @21% vol, fixed $1000/yr",ibg1000,opt,0.4,10,7.69,-1.25,17.08,5.57,-3.18,14.78,13.78,21.06,22.18,2.3,-40.32,-57.46,-43.06,-61.5,13.5
"DIY v5 100k @12% vol, fixed $1000/yr",ibg1000,pess,-0.09,5,-0.92,-7.25,6.2,-2.86,-9.06,4.11,56.7,70.7,72.16,2.3,-26.93,-41.0,-30.54,-45.4,6.56
"DIY v5 100k @12% vol, fixed $1000/yr",ibg1000,pess,-0.09,10,-0.96,-5.72,3.96,-2.9,-7.57,1.93,60.0,78.22,80.0,2.3,-36.86,-55.2,-43.23,-61.54,23.5
"DIY v5 100k @12% vol, fixed $1000/yr",ibg1000,central,0.11,5,1.56,-4.9,8.84,-0.43,-6.77,6.7,39.22,53.62,55.38,2.3,-23.09,-35.74,-26.1,-39.91,2.4
"DIY v5 100k @12% vol, fixed $1000/yr",ibg1000,central,0.11,10,1.6,-3.24,6.6,-0.39,-5.13,4.51,34.24,54.18,57.18,2.3,-30.18,-46.56,-35.24,-53.05,8.8
"DIY v5 100k @12% vol, fixed $1000/yr",ibg1000,opt,0.31,5,4.1,-2.5,11.53,2.06,-4.42,9.35,22.36,35.22,37.3,2.3,-20.37,-31.03,-22.45,-34.79,0.68
"DIY v5 100k @12% vol, fixed $1000/yr",ibg1000,opt,0.31,10,4.2,-0.72,9.28,2.16,-2.67,7.14,13.88,28.56,31.24,2.3,-25.45,-38.54,-29.05,-44.63,2.54
"DIY v5 250k @21% vol, fixed $1000/yr",ibg1000,pess,0.03,5,0.05,-11.92,13.45,-1.91,-13.64,11.22,49.72,57.44,58.46,2.3,-41.73,-61.02,-43.98,-63.64,28.62
"DIY v5 250k @21% vol, fixed $1000/yr",ibg1000,pess,0.03,10,-0.06,-8.95,9.06,-2.02,-10.74,6.92,50.48,61.36,63.12,2.3,-54.33,-74.66,-58.15,-78.08,45.12
"DIY v5 250k @21% vol, fixed $1000/yr",ibg1000,central,0.24,5,4.7,-7.8,18.69,2.65,-9.61,16.37,31.88,39.56,40.54,2.3,-36.97,-55.16,-39.01,-57.79,16.64
"DIY v5 250k @21% vol, fixed $1000/yr",ibg1000,central,0.24,10,4.63,-4.59,14.14,2.58,-6.46,11.9,27.02,36.84,38.02,2.3,-46.76,-66.42,-49.77,-69.88,25.4
"DIY v5 250k @21% vol, fixed $1000/yr",ibg1000,opt,0.43,5,9.09,-3.91,23.65,6.95,-5.79,21.22,19.28,25.26,26.3,2.3,-33.39,-49.86,-35.03,-52.35,8.82
"DIY v5 250k @21% vol, fixed $1000/yr",ibg1000,opt,0.43,10,9.04,-0.51,18.92,6.9,-2.46,16.59,11.22,17.72,18.8,2.3,-41.33,-58.95,-43.62,-62.39,12.74
"DIY v5 250k @12% vol, fixed $1000/yr",ibg1000,pess,0.0,5,0.92,-5.48,8.01,-1.06,-7.34,5.89,42.4,58.34,60.34,2.3,-23.91,-36.67,-27.01,-40.98,2.72
"DIY v5 250k @12% vol, fixed $1000/yr",ibg1000,pess,0.0,10,0.95,-3.72,5.74,-1.03,-5.61,3.67,40.28,61.08,64.78,2.3,-31.51,-48.01,-36.94,-54.56,10.72
"DIY v5 250k @12% vol, fixed $1000/yr",ibg1000,central,0.2,5,3.4,-3.15,10.65,1.37,-5.05,8.48,26.36,39.52,41.16,2.3,-20.98,-31.94,-23.26,-35.81,0.82
"DIY v5 250k @12% vol, fixed $1000/yr",ibg1000,central,0.2,10,3.46,-1.32,8.34,1.43,-3.26,6.22,17.84,35.28,38.26,2.3,-26.44,-40.0,-30.4,-46.27,3.24
"DIY v5 250k @12% vol, fixed $1000/yr",ibg1000,opt,0.4,5,5.94,-0.77,13.36,3.86,-2.72,11.14,12.88,23.64,25.46,2.3,-18.54,-27.65,-20.46,-31.12,0.08
"DIY v5 250k @12% vol, fixed $1000/yr",ibg1000,opt,0.4,10,6.02,1.13,11.01,3.94,-0.86,8.84,5.76,14.76,16.5,2.3,-22.69,-33.39,-25.64,-38.45,0.56
"DIY v5 1M @21% vol, fixed $1000/yr",ibg1000,pess,0.05,5,0.82,-11.74,15.17,-1.15,-13.47,12.92,46.5,53.98,55.24,2.3,-41.35,-60.58,-43.64,-63.2,27.2
"DIY v5 1M @21% vol, fixed $1000/yr",ibg1000,pess,0.05,10,0.64,-8.44,10.25,-1.34,-10.24,8.09,46.58,56.54,58.2,2.3,-53.64,-73.85,-57.48,-77.27,42.36
"DIY v5 1M @21% vol, fixed $1000/yr",ibg1000,central,0.27,5,5.7,-7.46,20.73,3.63,-9.27,18.36,29.06,36.2,37.48,2.3,-36.48,-54.17,-38.43,-56.77,15.18
"DIY v5 1M @21% vol, fixed $1000/yr",ibg1000,central,0.27,10,5.51,-3.99,15.59,3.44,-5.87,13.32,23.12,31.9,33.32,2.3,-45.94,-64.83,-48.91,-68.51,22.96
"DIY v5 1M @21% vol, fixed $1000/yr",ibg1000,opt,0.47,5,10.33,-3.4,26.02,8.17,-5.29,23.54,17.12,21.88,22.8,2.3,-32.55,-48.44,-34.24,-51.24,8.04
"DIY v5 1M @21% vol, fixed $1000/yr",ibg1000,opt,0.47,10,10.14,0.24,20.66,7.98,-1.73,18.29,9.36,14.88,15.88,2.3,-40.39,-57.07,-42.72,-60.54,11.06
"DIY v5 1M @12% vol, fixed $1000/yr",ibg1000,pess,0.05,5,2.11,-5.05,9.69,0.11,-6.91,7.54,35.3,49.28,51.58,2.3,-23.49,-37.34,-26.24,-41.27,2.98
"DIY v5 1M @12% vol, fixed $1000/yr",ibg1000,pess,0.05,10,1.9,-3.23,7.14,-0.1,-5.13,5.04,31.48,50.98,53.8,2.3,-31.07,-47.28,-35.72,-53.71,9.3
"DIY v5 1M @12% vol, fixed $1000/yr",ibg1000,central,0.27,5,4.85,-2.5,12.63,2.79,-4.41,10.42,20.36,30.98,32.96,2.3,-20.54,-32.51,-22.6,-36.11,1.1
"DIY v5 1M @12% vol, fixed $1000/yr",ibg1000,central,0.27,10,4.64,-0.62,10.02,2.59,-2.57,7.86,12.62,26.08,28.26,2.3,-26.28,-39.96,-29.72,-45.37,2.92
"DIY v5 1M @12% vol, fixed $1000/yr",ibg1000,opt,0.47,5,7.4,-0.13,15.37,5.3,-2.08,13.1,10.58,18.2,19.66,2.3,-18.34,-28.66,-20.13,-31.82,0.48
"DIY v5 1M @12% vol, fixed $1000/yr",ibg1000,opt,0.47,10,7.19,1.8,12.7,5.09,-0.19,10.49,4.06,10.88,12.0,2.3,-23.09,-34.71,-25.7,-38.95,0.78
"DIY v5 100k @21% vol, fixed $500/yr",prev_500_625_1000,pess,0.0,5,-1.05,-12.05,11.76,-2.99,-13.77,9.57,54.84,63.14,64.04,2.3,-41.86,-59.79,-44.5,-62.56,29.28
"DIY v5 100k @21% vol, fixed $500/yr",prev_500_625_1000,pess,0.0,10,-1.04,-9.21,7.59,-2.98,-10.99,5.48,56.32,68.22,69.76,2.3,-54.34,-74.32,-58.63,-77.8,47.96
"DIY v5 100k @21% vol, fixed $500/yr",prev_500_625_1000,central,0.2,5,3.37,-8.09,16.72,1.35,-9.9,14.43,36.02,43.74,45.24,2.3,-36.65,-53.46,-38.93,-56.18,16.04
"DIY v5 100k @21% vol, fixed $500/yr",prev_500_625_1000,central,0.2,10,3.45,-5.02,12.38,1.42,-6.88,10.17,30.46,41.98,43.5,2.3,-46.16,-65.54,-49.53,-69.59,26.58
"DIY v5 100k @21% vol, fixed $500/yr",prev_500_625_1000,opt,0.4,5,7.96,-3.98,21.87,5.85,-5.86,19.48,20.8,27.42,28.38,2.3,-32.64,-47.25,-34.48,-50.06,7.84
"DIY v5 100k @21% vol, fixed $500/yr",prev_500_625_1000,opt,0.4,10,8.1,-0.7,17.35,5.98,-2.65,15.05,12.16,19.18,20.38,2.3,-39.85,-56.51,-42.47,-60.36,11.92
"DIY v5 100k @12% vol, fixed $500/yr",prev_500_625_1000,pess,-0.09,5,-0.41,-6.65,6.65,-2.36,-8.48,4.56,53.4,67.34,69.3,2.3,-26.01,-39.7,-29.51,-44.0,5.02
"DIY v5 100k @12% vol, fixed $500/yr",prev_500_625_1000,pess,-0.09,10,-0.4,-5.04,4.39,-2.35,-6.9,2.34,54.42,74.12,76.86,2.3,-35.29,-52.76,-41.33,-59.31,18.82
"DIY v5 100k @12% vol, fixed $500/yr",prev_500_625_1000,central,0.11,5,2.05,-4.33,9.27,0.05,-6.21,7.13,34.94,49.62,52.0,2.3,-22.45,-34.6,-25.31,-38.64,1.9
"DIY v5 100k @12% vol, fixed $500/yr",prev_500_625_1000,central,0.11,10,2.11,-2.63,6.99,0.11,-4.54,4.89,28.72,49.04,52.28,2.3,-29.15,-44.5,-33.92,-51.09,6.76
"DIY v5 100k @12% vol, fixed $500/yr",prev_500_625_1000,opt,0.31,5,4.57,-1.96,11.96,2.52,-3.88,9.76,19.32,31.74,33.7,2.3,-19.92,-30.13,-21.94,-33.66,0.54
"DIY v5 100k @12% vol, fixed $500/yr",prev_500_625_1000,opt,0.31,10,4.67,-0.17,9.64,2.61,-2.12,7.49,10.96,24.34,26.78,2.3,-24.79,-37.03,-28.13,-42.77,1.76
"DIY v5 250k @21% vol, fixed $625/yr",prev_500_625_1000,pess,0.03,5,0.21,-11.74,13.57,-1.76,-13.47,11.34,49.22,56.84,58.04,2.3,-41.54,-60.73,-43.79,-63.37,28.12
"DIY v5 250k @21% vol, fixed $625/yr",prev_500_625_1000,pess,0.03,10,0.1,-8.71,9.18,-1.86,-10.5,7.03,49.38,60.6,62.38,2.3,-53.98,-74.15,-57.81,-77.62,44.44
"DIY v5 250k @21% vol, fixed $625/yr",prev_500_625_1000,central,0.24,5,4.85,-7.63,18.81,2.79,-9.44,16.48,31.52,39.06,40.06,2.3,-36.84,-54.94,-38.88,-57.53,16.28
"DIY v5 250k @21% vol, fixed $625/yr",prev_500_625_1000,central,0.24,10,4.76,-4.39,14.23,2.71,-6.27,11.99,26.14,36.2,37.5,2.3,-46.57,-66.05,-49.6,-69.51,24.7
"DIY v5 250k @21% vol, fixed $625/yr",prev_500_625_1000,opt,0.43,5,9.23,-3.76,23.76,7.09,-5.65,21.33,18.9,24.6,25.86,2.3,-33.3,-49.65,-34.93,-52.16,8.58
"DIY v5 250k @21% vol, fixed $625/yr",prev_500_625_1000,opt,0.43,10,9.16,-0.34,18.99,7.02,-2.3,16.66,10.86,17.08,18.26,2.3,-41.19,-58.61,-43.49,-62.15,12.38
"DIY v5 250k @12% vol, fixed $625/yr",prev_500_625_1000,pess,0.0,5,1.07,-5.31,8.13,-0.91,-7.17,6.01,41.14,57.18,59.1,2.3,-23.69,-36.34,-26.78,-40.59,2.48
"DIY v5 250k @12% vol, fixed $625/yr",prev_500_625_1000,pess,0.0,10,1.11,-3.56,5.87,-0.88,-5.45,3.79,38.64,59.78,63.04,2.3,-31.15,-47.33,-36.49,-53.93,9.84
"DIY v5 250k @12% vol, fixed $625/yr",prev_500_625_1000,central,0.2,5,3.55,-2.99,10.77,1.52,-4.89,8.6,25.44,38.42,40.46,2.3,-20.82,-31.69,-23.09,-35.45,0.72
"DIY v5 250k @12% vol, fixed $625/yr",prev_500_625_1000,central,0.2,10,3.59,-1.18,8.46,1.56,-3.11,6.34,16.72,33.82,36.92,2.3,-26.22,-39.51,-30.14,-45.77,2.88
"DIY v5 250k @12% vol, fixed $625/yr",prev_500_625_1000,opt,0.4,5,6.08,-0.61,13.48,4.0,-2.56,11.25,12.04,22.86,24.48,2.3,-18.42,-27.38,-20.3,-30.84,0.06
"DIY v5 250k @12% vol, fixed $625/yr",prev_500_625_1000,opt,0.4,10,6.14,1.26,11.12,4.05,-0.72,8.94,5.14,13.94,15.7,2.3,-22.54,-33.04,-25.46,-38.1,0.42
"DIY v5 1M @21% vol, fixed $1000/yr",prev_500_625_1000,pess,0.05,5,0.82,-11.74,15.17,-1.15,-13.47,12.92,46.5,53.98,55.24,2.3,-41.35,-60.58,-43.64,-63.2,27.2
"DIY v5 1M @21% vol, fixed $1000/yr",prev_500_625_1000,pess,0.05,10,0.64,-8.44,10.25,-1.34,-10.24,8.09,46.58,56.54,58.2,2.3,-53.64,-73.85,-57.48,-77.27,42.36
"DIY v5 1M @21% vol, fixed $1000/yr",prev_500_625_1000,central,0.27,5,5.7,-7.46,20.73,3.63,-9.27,18.36,29.06,36.2,37.48,2.3,-36.48,-54.17,-38.43,-56.77,15.18
"DIY v5 1M @21% vol, fixed $1000/yr",prev_500_625_1000,central,0.27,10,5.51,-3.99,15.59,3.44,-5.87,13.32,23.12,31.9,33.32,2.3,-45.94,-64.83,-48.91,-68.51,22.96
"DIY v5 1M @21% vol, fixed $1000/yr",prev_500_625_1000,opt,0.47,5,10.33,-3.4,26.02,8.17,-5.29,23.54,17.12,21.88,22.8,2.3,-32.55,-48.44,-34.24,-51.24,8.04
"DIY v5 1M @21% vol, fixed $1000/yr",prev_500_625_1000,opt,0.47,10,10.14,0.24,20.66,7.98,-1.73,18.29,9.36,14.88,15.88,2.3,-40.39,-57.07,-42.72,-60.54,11.06
"DIY v5 1M @12% vol, fixed $1000/yr",prev_500_625_1000,pess,0.05,5,2.11,-5.05,9.69,0.11,-6.91,7.54,35.3,49.28,51.58,2.3,-23.49,-37.34,-26.24,-41.27,2.98
"DIY v5 1M @12% vol, fixed $1000/yr",prev_500_625_1000,pess,0.05,10,1.9,-3.23,7.14,-0.1,-5.13,5.04,31.48,50.98,53.8,2.3,-31.07,-47.28,-35.72,-53.71,9.3
"DIY v5 1M @12% vol, fixed $1000/yr",prev_500_625_1000,central,0.27,5,4.85,-2.5,12.63,2.79,-4.41,10.42,20.36,30.98,32.96,2.3,-20.54,-32.51,-22.6,-36.11,1.1
"DIY v5 1M @12% vol, fixed $1000/yr",prev_500_625_1000,central,0.27,10,4.64,-0.62,10.02,2.59,-2.57,7.86,12.62,26.08,28.26,2.3,-26.28,-39.96,-29.72,-45.37,2.92
"DIY v5 1M @12% vol, fixed $1000/yr",prev_500_625_1000,opt,0.47,5,7.4,-0.13,15.37,5.3,-2.08,13.1,10.58,18.2,19.66,2.3,-18.34,-28.66,-20.13,-31.82,0.48
"DIY v5 1M @12% vol, fixed $1000/yr",prev_500_625_1000,opt,0.47,10,7.19,1.8,12.7,5.09,-0.19,10.49,4.06,10.88,12.0,2.3,-23.09,-34.71,-25.7,-38.95,0.78
EUR money-market fund (ESTR-0.10%),,estr-0.5,,5,1.8,1.8,1.8,-0.2,-0.2,-0.2,0.0,100.0,,1.8,0.0,0.0,,,
EUR money-market fund (ESTR-0.10%),,estr-0.5,,10,1.8,1.8,1.8,-0.2,-0.2,-0.2,0.0,100.0,,1.8,0.0,0.0,,,
EUR money-market fund (ESTR-0.10%),,central,,5,2.3,2.3,2.3,0.29,0.29,0.29,0.0,0.0,,2.3,0.0,0.0,,,
EUR money-market fund (ESTR-0.10%),,central,,10,2.3,2.3,2.3,0.29,0.29,0.29,0.0,0.0,,2.3,0.0,0.0,,,
EUR money-market fund (ESTR-0.10%),,estr+0.5,,5,2.8,2.8,2.8,0.78,0.78,0.78,0.0,0.0,,2.8,0.0,0.0,,,
EUR money-market fund (ESTR-0.10%),,estr+0.5,,10,2.8,2.8,2.8,0.78,0.78,0.78,0.0,0.0,,2.8,0.0,0.0,,,
UCITS trend ETF iMGP DBi (12%),,pess,0.1,5,2.81,-3.52,9.84,0.79,-5.41,7.68,29.28,43.8,45.96,2.3,-22.63,-33.19,-24.97,-37.16,
UCITS trend ETF iMGP DBi (12%),,pess,0.1,10,2.89,-1.66,7.74,0.88,-3.58,5.63,21.34,40.6,43.96,2.3,-28.05,-40.93,-32.36,-47.35,
UCITS trend ETF iMGP DBi (12%),,central,0.25,5,4.68,-1.77,11.83,2.63,-3.7,9.64,18.16,30.56,32.28,2.3,-20.41,-29.92,-22.85,-33.53,
UCITS trend ETF iMGP DBi (12%),,central,0.25,10,4.76,0.13,9.7,2.71,-1.83,7.55,9.5,23.3,25.78,2.3,-25.02,-35.86,-28.42,-41.48,
UCITS trend ETF iMGP DBi (12%),,opt,0.4,5,6.58,0.01,13.86,4.49,-1.95,11.63,9.94,19.08,20.78,2.3,-18.68,-27.2,-20.59,-30.21,
UCITS trend ETF iMGP DBi (12%),,opt,0.4,10,6.66,1.95,11.69,4.57,-0.05,9.5,3.12,10.16,11.78,2.3,-22.53,-32.0,-25.29,-36.27,
100% S&P 500-type equities (EUR),,pess,,5,3.95,-6.96,13.25,1.91,-8.79,11.03,32.22,40.32,41.88,2.3,-32.41,-52.17,-33.29,-54.7,
100% S&P 500-type equities (EUR),,pess,,10,3.5,-4.06,10.38,1.47,-5.94,8.21,26.94,39.26,41.12,2.3,-41.67,-62.57,-44.21,-66.27,
100% S&P 500-type equities (EUR),,central,,5,6.46,-4.72,15.99,4.37,-6.59,13.71,22.5,30.66,31.74,2.3,-32.26,-49.31,-32.38,-51.7,
100% S&P 500-type equities (EUR),,central,,10,6.0,-1.74,13.04,3.92,-3.67,10.83,15.68,24.56,26.42,2.3,-39.61,-58.51,-41.25,-61.78,
100% S&P 500-type equities (EUR),,opt,,5,8.47,-2.92,18.17,6.34,-4.82,15.86,16.76,22.88,23.84,2.3,-31.47,-47.4,-32.27,-49.43,
100% S&P 500-type equities (EUR),,opt,,10,8.0,0.11,15.18,5.88,-1.85,12.92,9.72,16.28,17.5,2.3,-38.31,-55.45,-39.74,-58.69,
"70/30 S&P 500-type / trend ETF, annual rebal.",,eq pess / trend pess,0.1,5,3.9,-2.89,10.38,1.87,-4.79,8.22,23.66,36.02,38.04,2.3,-22.78,-34.44,-24.84,-37.57,
"70/30 S&P 500-type / trend ETF, annual rebal.",,eq pess / trend pess,0.1,10,3.76,-1.1,8.42,1.73,-3.04,6.3,15.92,32.58,35.48,2.3,-27.56,-42.01,-30.64,-47.26,
"70/30 S&P 500-type / trend ETF, annual rebal.",,eq central / trend central,0.25,5,6.23,-0.75,12.86,4.15,-2.7,10.65,12.44,22.18,24.14,2.3,-20.89,-31.56,-22.6,-34.15,
"70/30 S&P 500-type / trend ETF, annual rebal.",,eq central / trend central,0.25,10,6.08,1.1,10.86,4.0,-0.88,8.69,5.58,14.52,16.3,2.3,-26.36,-37.23,-27.33,-41.59,
"70/30 S&P 500-type / trend ETF, annual rebal.",,eq opt / trend opt,0.4,5,8.21,1.09,14.97,6.09,-0.89,12.72,6.86,12.76,14.28,2.3,-19.7,-29.22,-21.0,-31.69,
"70/30 S&P 500-type / trend ETF, annual rebal.",,eq opt / trend opt,0.4,10,8.06,2.99,12.93,5.94,0.97,10.72,1.88,5.86,7.1,2.3,-25.84,-33.71,-26.4,-37.49,
"70/30 S&P 500-type / trend ETF, annual rebal.",,eq pess / trend central,0.25,5,4.47,-2.33,10.97,2.42,-4.25,8.8,20.06,32.76,34.28,2.3,-22.22,-33.49,-24.19,-36.55,
"70/30 S&P 500-type / trend ETF, annual rebal.",,eq pess / trend central,0.25,10,4.32,-0.53,8.99,2.28,-2.48,6.85,12.52,27.0,29.76,2.3,-26.91,-40.48,-29.56,-45.47,
"70/30 S&P 500-type / trend ETF, annual rebal.",,eq central / trend pess,0.1,5,5.66,-1.31,12.29,3.59,-3.24,10.09,14.84,25.54,27.32,2.3,-21.45,-32.38,-23.2,-35.1,
"70/30 S&P 500-type / trend ETF, annual rebal.",,eq central / trend pess,0.1,10,5.52,0.54,10.3,3.45,-1.43,8.13,7.72,18.26,20.3,2.3,-26.54,-38.54,-28.14,-43.06,
"70/30 S&P 500-type / trend ETF, annual rebal.",,eq central / trend opt,0.4,5,6.81,-0.17,13.45,4.71,-2.13,11.23,10.54,18.9,20.44,2.3,-20.4,-30.7,-22.05,-33.19,
"70/30 S&P 500-type / trend ETF, annual rebal.",,eq central / trend opt,0.4,10,6.66,1.69,11.43,4.56,-0.3,9.24,4.06,11.42,12.82,2.3,-26.14,-35.84,-26.78,-39.96,
100% Nasdaq-100-type equities (EUR),,pess,,5,4.27,-11.52,16.62,2.23,-13.26,14.33,35.4,42.06,43.06,2.3,-39.55,-67.59,-41.07,-69.08,
100% Nasdaq-100-type equities (EUR),,pess,,10,3.5,-7.34,12.73,1.47,-9.15,10.52,33.88,42.6,44.24,2.3,-53.42,-77.43,-55.61,-79.69,
100% Nasdaq-100-type equities (EUR),,central,,5,6.79,-9.38,19.43,4.7,-11.16,17.09,28.78,34.16,35.02,2.3,-37.73,-66.24,-39.18,-67.29,
100% Nasdaq-100-type equities (EUR),,central,,10,6.0,-5.1,15.45,3.92,-6.96,13.19,24.6,32.4,33.56,2.3,-51.41,-74.99,-52.87,-76.99,
100% Nasdaq-100-type equities (EUR),,opt,,5,8.81,-7.67,21.69,6.67,-9.48,19.3,24.38,29.1,29.72,2.3,-36.55,-65.0,-37.83,-66.28,
100% Nasdaq-100-type equities (EUR),,opt,,10,8.0,-3.31,17.63,5.88,-5.2,15.32,18.72,24.88,25.96,2.3,-50.09,-73.2,-51.44,-75.11,
"70/30 Nasdaq-100-type / trend ETF, annual rebal.",,eq pess / trend pess,0.1,5,4.3,-5.54,12.83,2.25,-7.39,10.61,27.94,37.32,38.72,2.3,-27.45,-47.23,-29.16,-49.76,
"70/30 Nasdaq-100-type / trend ETF, annual rebal.",,eq pess / trend pess,0.1,10,3.97,-2.84,10.11,1.93,-4.75,7.95,22.88,35.76,38.0,2.3,-36.11,-56.38,-38.9,-60.17,
"70/30 Nasdaq-100-type / trend ETF, annual rebal.",,eq central / trend central,0.25,5,6.63,-3.45,15.36,4.54,-5.35,13.1,19.84,27.18,28.26,2.3,-25.82,-45.03,-27.32,-47.04,
"70/30 Nasdaq-100-type / trend ETF, annual rebal.",,eq central / trend central,0.25,10,6.3,-0.68,12.58,4.21,-2.63,10.38,12.24,21.76,23.28,2.3,-33.76,-52.7,-35.84,-56.05,
"70/30 Nasdaq-100-type / trend ETF, annual rebal.",,eq opt / trend opt,0.4,5,8.62,-1.66,17.52,6.49,-3.58,15.21,14.08,20.24,21.2,2.3,-24.76,-43.37,-25.9,-45.13,
"70/30 Nasdaq-100-type / trend ETF, annual rebal.",,eq opt / trend opt,0.4,10,8.28,1.17,14.68,6.16,-0.81,12.44,6.64,12.66,13.98,2.3,-32.34,-50.21,-33.88,-52.95,
"70/30 Nasdaq-100-type / trend ETF, annual rebal.",,eq pess / trend central,0.25,5,4.85,-4.99,13.38,2.8,-6.85,11.16,25.74,34.62,36.1,2.3,-26.92,-46.4,-28.53,-48.98,
"70/30 Nasdaq-100-type / trend ETF, annual rebal.",,eq pess / trend central,0.25,10,4.54,-2.28,10.68,2.49,-4.2,8.51,19.82,31.6,34.06,2.3,-35.31,-55.06,-37.97,-58.75,
"70/30 Nasdaq-100-type / trend ETF, annual rebal.",,eq central / trend pess,0.1,5,6.06,-4.04,14.8,3.98,-5.92,12.55,21.78,29.76,31.1,2.3,-26.3,-45.76,-27.8,-47.87,
"70/30 Nasdaq-100-type / trend ETF, annual rebal.",,eq central / trend pess,0.1,10,5.74,-1.25,12.01,3.67,-3.18,9.82,14.52,24.86,26.7,2.3,-34.44,-53.76,-36.68,-57.17,
"70/30 Nasdaq-100-type / trend ETF, annual rebal.",,eq central / trend opt,0.4,5,7.2,-2.88,15.93,5.1,-4.78,13.65,17.82,24.88,26.14,2.3,-25.41,-44.32,-26.72,-46.22,
"70/30 Nasdaq-100-type / trend ETF, annual rebal.",,eq central / trend opt,0.4,10,6.88,-0.12,13.16,4.78,-2.07,10.94,10.32,18.64,20.22,2.3,-33.18,-51.65,-35.07,-54.73,
