ticker,rang,nom,source,debut,fin,jours,semaines
BTC,1,Bitcoin,Coin Metrics PriceUSD + CoinGecko après 2026-05-23,2010-07-19,2026-10-03,5919,845
ETH,2,Ethereum,Coin Metrics PriceUSD + CoinGecko après 2026-05-23,2015-08-09,2026-10-03,4072,581
BNB,4,BNB,Coin Metrics PriceUSD + CoinGecko après 2026-05-23,2017-07-16,2026-10-03,3365,480
XRP,5,XRP,Coin Metrics PriceUSD + CoinGecko après 2026-05-23,2014-08-16,2026-10-03,4430,633
SOL,7,Solana,Coin Metrics cap. flottante (proxy) + CoinGecko après 2026-05-23,2020-04-12,2026-10-03,2357,337
TRX,8,TRON,Coin Metrics PriceUSD + CoinGecko après 2026-05-23,2018-06-26,2026-10-03,3020,431
ZEC,10,Zcash,Coin Metrics PriceUSD + CoinGecko après 2026-05-23,2016-10-30,2026-10-03,3624,517
HYPE,11,Hyperliquid,Coin Metrics cap. flottante (proxy) + CoinGecko après 2026-05-23,2024-12-14,2026-10-03,657,94
DOGE,12,Dogecoin,Coin Metrics PriceUSD + CoinGecko après 2026-05-23,2014-01-24,2026-10-03,4634,662
XMR,13,Monero,Coin Metrics PriceUSD + CoinGecko après 2026-05-23,2014-05-21,2026-10-03,4517,645
LINK,14,Chainlink,Coin Metrics PriceUSD + CoinGecko après 2026-05-23,2017-09-30,2026-10-03,3289,470
WBT,15,WhiteBIT Coin,CoinGecko (tracker) uniquement,2026-04-22,2026-10-03,163,23
ADA,17,Cardano,Coin Metrics PriceUSD + CoinGecko après 2026-05-23,2017-12-02,2026-10-03,3226,461
LEO,18,LEO Token,Coin Metrics cap. flottante (proxy) + CoinGecko après 2026-05-23,2022-08-18,2026-10-03,1506,215
RAIN,19,Rain,CoinGecko (tracker) uniquement,2026-04-22,2026-10-03,163,23
XLM,20,Stellar,Coin Metrics PriceUSD + CoinGecko après 2026-05-23,2015-10-01,2026-10-03,4019,574
BCH,21,Bitcoin Cash,Coin Metrics PriceUSD + CoinGecko après 2026-05-23,2017-08-02,2026-10-03,3348,478
NEAR,22,NEAR Protocol,Coin Metrics cap. flottante (proxy) + CoinGecko après 2026-05-23,2020-11-24,2026-10-03,2133,305
UNI,23,Uniswap,Coin Metrics PriceUSD + CoinGecko après 2026-05-23,2020-09-19,2026-10-03,2204,315
LTC,24,Litecoin,Coin Metrics PriceUSD + CoinGecko après 2026-05-23,2013-04-02,2026-10-03,4931,704
AVAX,25,Avalanche,Coin Metrics cap. flottante (proxy) + CoinGecko après 2026-05-23,2020-09-24,2026-10-03,2196,314
CC,27,Canton,CoinGecko (tracker) uniquement,2026-04-22,2026-10-03,163,23
SUI,28,Sui,Coin Metrics cap. flottante (proxy) + CoinGecko après 2026-05-23,2023-08-18,2026-10-03,1140,163
HBAR,30,Hedera,Coin Metrics cap. flottante (proxy) + CoinGecko après 2026-05-23,2019-09-20,2026-10-03,2554,367
TON,32,Gram (prev. Toncoin),Coin Metrics cap. flottante (proxy) + CoinGecko après 2026-05-23,2022-11-04,2026-10-03,1424,204
BTW,33,Bitway,CoinGecko (tracker) uniquement,2026-08-11,2026-10-03,52,7
QNT,34,Quant,Coin Metrics PriceUSD + CoinGecko après 2026-05-23,2019-03-17,2026-10-03,2756,393
SHIB,35,Shiba Inu,Coin Metrics cap. flottante (proxy) + CoinGecko après 2026-05-23,2021-05-17,2026-10-03,1958,280
TAO,36,Bittensor,CoinGecko (tracker) uniquement,2026-04-22,2026-10-03,163,23
CRO,38,Cronos,Coin Metrics PriceUSD + CoinGecko après 2026-05-23,2019-03-21,2026-10-03,2752,393
PUMP,40,Pump.fun,CoinGecko (tracker) uniquement,2026-04-22,2026-10-03,152,23
AAVE,42,Aave,Coin Metrics PriceUSD + CoinGecko après 2026-05-23,2020-10-11,2026-10-03,2182,311
OKB,43,OKB,Coin Metrics cap. flottante (proxy) + CoinGecko après 2026-05-23,2019-06-23,2026-10-03,2637,379
ENA,45,Ethena,Coin Metrics cap. flottante (proxy) + CoinGecko après 2026-05-23,2024-04-19,2026-10-03,894,128
ONDO,47,Ondo,Coin Metrics cap. flottante (proxy) + CoinGecko après 2026-05-23,2024-01-22,2026-10-03,982,140
M,48,MemeCore,CoinGecko (tracker) uniquement,2026-04-22,2026-10-03,163,23
