portfolio,n,sharpe_since_1990,first_day,vol,excess_ret_ann,maxdd_excess,sharpe_since_2010,sharpe_since_2023,mean_gross_exposure,margin_med,margin_p95,margin_max,margin_med_3y,markets
full84 (variant 5),84,1.17,1990-01-01,0.214,0.247,-0.54,0.54,-0.42,8.78,0.215,0.337,0.467,0.229,
strict_ge4c @ 25k,3,0.48,1990-01-01,0.218,0.102,-0.604,0.36,1.12,2.31,0.099,0.166,0.298,0.101,C 1 Comdty | JY1 Curncy | GC1 Comdty
strict_ge1c @ 25k,9,0.64,1990-01-01,0.214,0.135,-0.562,0.31,0.74,2.51,0.138,0.214,0.378,0.144,C 1 Comdty | JY1 Curncy | GC1 Comdty | NO1 Index | NG1 Comdty | W 1 Comdty | BP1 Curncy | VG1 Index | AD1 Curncy
strict_ge4c @ 50k,6,0.46,1990-01-01,0.215,0.098,-0.541,0.34,1.19,2.63,0.124,0.195,0.333,0.124,C 1 Comdty | JY1 Curncy | GC1 Comdty | NO1 Index | W 1 Comdty | BP1 Curncy
strict_ge1c @ 50k,12,0.72,1990-01-01,0.215,0.151,-0.564,0.41,0.59,9.97,0.149,0.235,0.404,0.154,C 1 Comdty | JY1 Curncy | GC1 Comdty | NO1 Index | NG1 Comdty | DU1 Comdty | W 1 Comdty | BP1 Curncy | VG1 Index | SFR5 Comdty | S 1 Comdty | AD1 Curncy
strict_ge1c @ 100k,17,0.75,1990-01-01,0.216,0.16,-0.546,0.39,0.35,14.36,0.162,0.259,0.428,0.16,C 1 Comdty | JY1 Curncy | GC1 Comdty | NO1 Index | NG1 Comdty | DU1 Comdty | W 1 Comdty | BP1 Curncy | VG1 Index | CL1 Comdty | SFR5 Comdty | S 1 Comdty | AD1 Curncy | CF1 Index | ER4 Comdty | EC1 Curncy | PE1 Curncy
strict_ge4c @ 250k,14,0.73,1990-01-01,0.215,0.154,-0.538,0.39,0.39,10.04,0.151,0.24,0.406,0.153,C 1 Comdty | JY1 Curncy | GC1 Comdty | NO1 Index | NG1 Comdty | DU1 Comdty | W 1 Comdty | BP1 Curncy | VG1 Index | SFR5 Comdty | S 1 Comdty | AD1 Curncy | CF1 Index | EC1 Curncy
strict_ge1c @ 250k,27,0.92,1990-01-01,0.215,0.193,-0.515,0.38,-0.27,15.02,0.179,0.286,0.427,0.184,C 1 Comdty | JY1 Curncy | GC1 Comdty | NO1 Index | NG1 Comdty | DU1 Comdty | W 1 Comdty | BP1 Curncy | HG1 Comdty | VG1 Index | CL1 Comdty | SFR5 Comdty | S 1 Comdty | AD1 Curncy | CF1 Index | ER4 Comdty | RS1 Comdty | EC1 Curncy | DM1 Index | SFI5 Comdty | SB1 Comdty | PE1 Curncy | RTY1 Index | TU1 Comdty | CD1 Curncy | TP1 Index | ES1 Index
strict_ge4c @ 500k,19,0.81,1990-01-01,0.216,0.172,-0.511,0.47,0.26,14.77,0.166,0.265,0.419,0.165,C 1 Comdty | JY1 Curncy | GC1 Comdty | NO1 Index | NG1 Comdty | DU1 Comdty | W 1 Comdty | BP1 Curncy | VG1 Index | CL1 Comdty | SFR5 Comdty | S 1 Comdty | AD1 Curncy | CF1 Index | ER4 Comdty | RS1 Comdty | EC1 Curncy | DM1 Index | PE1 Curncy
strict_ge1c @ 500k,33,0.97,1990-01-01,0.214,0.204,-0.491,0.37,-0.14,12.89,0.183,0.293,0.413,0.191,C 1 Comdty | JY1 Curncy | GC1 Comdty | NO1 Index | NG1 Comdty | DU1 Comdty | W 1 Comdty | BP1 Curncy | HG1 Comdty | VG1 Index | CL1 Comdty | SFR5 Comdty | S 1 Comdty | AD1 Curncy | CF1 Index | ER4 Comdty | RS1 Comdty | EC1 Curncy | DM1 Index | SFI5 Comdty | SB1 Comdty | PE1 Curncy | RTY1 Index | TU1 Comdty | CT1 Comdty | CD1 Curncy | TP1 Index | FV1 Comdty | LH1 Comdty | NV1 Curncy | ES1 Index | GX1 Index | EO1 Index
strict_ge1c @ 1000k,43,0.94,1990-01-01,0.214,0.197,-0.513,0.33,-0.18,10.43,0.189,0.294,0.407,0.191,C 1 Comdty | JY1 Curncy | GC1 Comdty | NO1 Index | NG1 Comdty | DU1 Comdty | W 1 Comdty | BP1 Curncy | HG1 Comdty | VG1 Index | CL1 Comdty | SFR5 Comdty | S 1 Comdty | AD1 Curncy | SI1 Comdty | CF1 Index | ER4 Comdty | RS1 Comdty | EC1 Curncy | DM1 Index | SFI5 Comdty | SB1 Comdty | PE1 Curncy | RTY1 Index | TU1 Comdty | CT1 Comdty | CD1 Curncy | TP1 Index | FV1 Comdty | LH1 Comdty | NV1 Curncy | ES1 Index | OE1 Comdty | KW1 Comdty | SF1 Curncy | GX1 Index | UXY1 Comdty | LC1 Comdty | EO1 Index | TY1 Comdty | QW1 Comdty | NQ1 Index | SM1 Comdty
strict_ge1c @ 2000k,50,0.93,1990-01-01,0.215,0.198,-0.546,0.35,-0.4,9.3,0.191,0.301,0.409,0.2,C 1 Comdty | JY1 Curncy | GC1 Comdty | NO1 Index | NG1 Comdty | DU1 Comdty | W 1 Comdty | BP1 Curncy | HG1 Comdty | VG1 Index | CL1 Comdty | SFR5 Comdty | S 1 Comdty | AD1 Curncy | SI1 Comdty | CF1 Index | CO1 Comdty | ER4 Comdty | RS1 Comdty | EC1 Curncy | PL1 Comdty | DM1 Index | SFI5 Comdty | SB1 Comdty | PE1 Curncy | RTY1 Index | TU1 Comdty | CT1 Comdty | CD1 Curncy | TP1 Index | FV1 Comdty | LH1 Comdty | NV1 Curncy | ES1 Index | OE1 Comdty | KW1 Comdty | SF1 Curncy | GX1 Index | UXY1 Comdty | LC1 Comdty | EO1 Index | TY1 Comdty | QW1 Comdty | NQ1 Index | IK1 Comdty | SM1 Comdty | Z 1 Index | RX1 Comdty | BO1 Comdty | OAT1 Comdty
strict_ge4c @ 5000k,44,0.95,1990-01-01,0.214,0.2,-0.519,0.36,-0.21,9.97,0.189,0.294,0.406,0.192,C 1 Comdty | JY1 Curncy | GC1 Comdty | NO1 Index | NG1 Comdty | DU1 Comdty | W 1 Comdty | BP1 Curncy | HG1 Comdty | VG1 Index | CL1 Comdty | SFR5 Comdty | S 1 Comdty | AD1 Curncy | SI1 Comdty | CF1 Index | ER4 Comdty | RS1 Comdty | EC1 Curncy | DM1 Index | SFI5 Comdty | SB1 Comdty | PE1 Curncy | RTY1 Index | TU1 Comdty | CT1 Comdty | CD1 Curncy | TP1 Index | FV1 Comdty | LH1 Comdty | NV1 Curncy | ES1 Index | OE1 Comdty | KW1 Comdty | SF1 Curncy | GX1 Index | UXY1 Comdty | LC1 Comdty | EO1 Index | TY1 Comdty | QW1 Comdty | NQ1 Index | IK1 Comdty | SM1 Comdty
strict_ge1c @ 5000k,63,0.99,1990-01-01,0.216,0.211,-0.542,0.39,-0.29,8.25,0.199,0.315,0.448,0.209,C 1 Comdty | JY1 Curncy | GC1 Comdty | NO1 Index | NG1 Comdty | DU1 Comdty | W 1 Comdty | BP1 Curncy | HG1 Comdty | VG1 Index | CL1 Comdty | SFR5 Comdty | S 1 Comdty | AD1 Curncy | SI1 Comdty | CF1 Index | CO1 Comdty | ER4 Comdty | RS1 Comdty | EC1 Curncy | PL1 Comdty | DM1 Index | QS1 Comdty | SFI5 Comdty | SB1 Comdty | PE1 Curncy | PA1 Comdty | RTY1 Index | XB1 Comdty | TU1 Comdty | CT1 Comdty | CD1 Curncy | TP1 Index | HO1 Comdty | FV1 Comdty | LH1 Comdty | NV1 Curncy | ES1 Index | OE1 Comdty | KW1 Comdty | SF1 Curncy | GX1 Index | UXY1 Comdty | LC1 Comdty | EO1 Index | TY1 Comdty | QW1 Comdty | NQ1 Index | IK1 Comdty | SM1 Comdty | Z 1 Index | RX1 Comdty | BO1 Comdty | MES1 Index | OAT1 Comdty | DF1 Comdty | SM1 Index | US1 Comdty | FC1 Comdty | UB1 Comdty | QC1 Comdty | WN1 Comdty | G 1 Comdty
