capital_usd,all84_n_ge1c,all84_n_ge4c,accessible_n_ge1c,accessible_n_ge4c,accessible_classes_ge1c,accessible_classes_ge4c,accessible_markets_ge1c,strict_n_ge1c,strict_n_ge4c,strict_classes_ge1c,strict_classes_ge4c,strict_markets_ge1c,all84_n_ge1c_std_contract,all84_n_ge4c_carver_formula,acc_subset_ge1c_n,acc_subset_ge1c_classes,acc_subset_ge1c_markets,acc_subset_ge4c_n,acc_subset_ge4c_classes,acc_subset_ge4c_markets,strict_subset_ge1c_n,strict_subset_ge1c_classes,strict_subset_ge1c_markets,strict_subset_ge4c_n,strict_subset_ge4c_classes,strict_subset_ge4c_markets
25000.0,0,0,0,0,,,,0,0,,,,0,0,10,"FX:3, Eq:2, Ag:2, Rates:1, Ener:1, Met:1",C 1 Comdty | CD1 Curncy | QC1 Index | GC1 Comdty | UXY1 Comdty | NG1 Comdty | W 1 Comdty | JY1 Curncy | NO1 Index | BP1 Curncy,3,"Eq:1, FX:1, Ag:1",C 1 Comdty | CD1 Curncy | QC1 Index,9,"FX:3, Eq:2, Ag:2, Ener:1, Met:1",C 1 Comdty | JY1 Curncy | GC1 Comdty | NO1 Index | NG1 Comdty | W 1 Comdty | BP1 Curncy | VG1 Index | AD1 Curncy,3,"FX:1, Met:1, Ag:1",C 1 Comdty | JY1 Curncy | GC1 Comdty
50000.0,2,0,2,0,"FX:1, Met:1",,CD1 Curncy | GC1 Comdty,1,0,Met:1,,GC1 Comdty,0,0,16,"FX:4, Ag:4, Eq:3, Rates:2, Met:2, Ener:1",C 1 Comdty | CD1 Curncy | QC1 Index | GC1 Comdty | UXY1 Comdty | NG1 Comdty | W 1 Comdty | JY1 Curncy | NO1 Index | SCO1 Comdty | IR4 Comdty | SM1 Comdty | BP1 Curncy | VG1 Index | S 1 Comdty | AD1 Curncy,7,"FX:2, Ag:2, Eq:1, Rates:1, Met:1",C 1 Comdty | CD1 Curncy | QC1 Index | GC1 Comdty | UXY1 Comdty | W 1 Comdty | JY1 Curncy,12,"FX:3, Ag:3, Eq:2, Rates:2, Ener:1, Met:1",C 1 Comdty | JY1 Curncy | GC1 Comdty | NO1 Index | NG1 Comdty | DU1 Comdty | W 1 Comdty | BP1 Curncy | VG1 Index | SFR5 Comdty | S 1 Comdty | AD1 Curncy,6,"FX:2, Ag:2, Eq:1, Met:1",C 1 Comdty | JY1 Curncy | GC1 Comdty | NO1 Index | W 1 Comdty | BP1 Curncy
100000.0,7,0,7,0,"FX:4, Met:2, Ag:1",,BP1 Curncy | CD1 Curncy | JY1 Curncy | AD1 Curncy | GC1 Comdty | SCO1 Comdty | C 1 Comdty,5,0,"FX:3, Met:1, Ag:1",,BP1 Curncy | JY1 Curncy | AD1 Curncy | GC1 Comdty | C 1 Comdty,1,0,25,"Ag:6, Eq:5, FX:5, Rates:4, Met:3, Ener:2",C 1 Comdty | CD1 Curncy | QC1 Index | GC1 Comdty | UXY1 Comdty | NG1 Comdty | W 1 Comdty | JY1 Curncy | NO1 Index | SCO1 Comdty | IR4 Comdty | CL1 Comdty | SM1 Comdty | BP1 Curncy | VG1 Index | SI1 Comdty | WN1 Comdty | S 1 Comdty | AD1 Curncy | CF1 Index | DU1 Comdty | BO1 Comdty | EC1 Curncy | Z 1 Index | CA1 Comdty,10,"FX:3, Eq:2, Ag:2, Rates:1, Ener:1, Met:1",C 1 Comdty | CD1 Curncy | QC1 Index | GC1 Comdty | UXY1 Comdty | NG1 Comdty | W 1 Comdty | JY1 Curncy | NO1 Index | BP1 Curncy,17,"FX:5, Eq:3, Rates:3, Ag:3, Ener:2, Met:1",C 1 Comdty | JY1 Curncy | GC1 Comdty | NO1 Index | NG1 Comdty | DU1 Comdty | W 1 Comdty | BP1 Curncy | VG1 Index | CL1 Comdty | SFR5 Comdty | S 1 Comdty | AD1 Curncy | CF1 Index | ER4 Comdty | EC1 Curncy | PE1 Curncy,9,"FX:3, Eq:2, Ag:2, Ener:1, Met:1",C 1 Comdty | JY1 Curncy | GC1 Comdty | NO1 Index | NG1 Comdty | W 1 Comdty | BP1 Curncy | VG1 Index | AD1 Curncy
250000.0,20,6,19,6,"FX:6, Ag:5, Eq:3, Met:3, Rates:1, Ener:1","FX:4, Met:1, Ag:1",VG1 Index | QC1 Index | NO1 Index | UXY1 Comdty | EC1 Curncy | BP1 Curncy | CD1 Curncy | JY1 Curncy | AD1 Curncy | PE1 Curncy | NG1 Comdty | GC1 Comdty | SI1 Comdty | SCO1 Comdty | C 1 Comdty | W 1 Comdty | S 1 Comdty | SM1 Comdty | BO1 Comdty,12,5,"FX:5, Ag:3, Eq:2, Ener:1, Met:1","FX:3, Met:1, Ag:1",VG1 Index | NO1 Index | EC1 Curncy | BP1 Curncy | JY1 Curncy | AD1 Curncy | PE1 Curncy | NG1 Comdty | GC1 Comdty | C 1 Comdty | W 1 Comdty | S 1 Comdty,2,2,35,"Eq:8, Rates:8, Ag:7, FX:6, Ener:3, Met:3",C 1 Comdty | CD1 Curncy | QC1 Index | GC1 Comdty | UXY1 Comdty | NG1 Comdty | W 1 Comdty | JY1 Curncy | NO1 Index | SCO1 Comdty | IR4 Comdty | CL1 Comdty | SM1 Comdty | BP1 Curncy | VG1 Index | SI1 Comdty | WN1 Comdty | CO1 Comdty | S 1 Comdty | AD1 Curncy | CF1 Index | DU1 Comdty | BO1 Comdty | EC1 Curncy | Z 1 Index | SFR5 Comdty | CA1 Comdty | PE1 Curncy | DM1 Index | ER4 Comdty | RS1 Comdty | RTY1 Index | IK1 Comdty | SM1 Index | SFI5 Comdty,17,"FX:4, Ag:4, Eq:3, Rates:3, Met:2, Ener:1",C 1 Comdty | CD1 Curncy | QC1 Index | GC1 Comdty | UXY1 Comdty | NG1 Comdty | W 1 Comdty | JY1 Curncy | NO1 Index | SCO1 Comdty | IR4 Comdty | SM1 Comdty | BP1 Curncy | VG1 Index | WN1 Comdty | S 1 Comdty | AD1 Curncy,27,"Eq:7, FX:6, Rates:5, Ag:5, Ener:2, Met:2",C 1 Comdty | JY1 Curncy | GC1 Comdty | NO1 Index | NG1 Comdty | DU1 Comdty | W 1 Comdty | BP1 Curncy | HG1 Comdty | VG1 Index | CL1 Comdty | SFR5 Comdty | S 1 Comdty | AD1 Curncy | CF1 Index | ER4 Comdty | RS1 Comdty | EC1 Curncy | DM1 Index | SFI5 Comdty | SB1 Comdty | PE1 Curncy | RTY1 Index | TU1 Comdty | CD1 Curncy | TP1 Index | ES1 Index,14,"FX:4, Eq:3, Ag:3, Rates:2, Ener:1, Met:1",C 1 Comdty | JY1 Curncy | GC1 Comdty | NO1 Index | NG1 Comdty | DU1 Comdty | W 1 Comdty | BP1 Curncy | VG1 Index | SFR5 Comdty | S 1 Comdty | AD1 Curncy | CF1 Index | EC1 Curncy
500000.0,32,12,30,11,"Rates:6, FX:6, Ag:6, Eq:5, Met:4, Ener:3","FX:5, Met:2, Ag:2, Eq:1, Ener:1",VG1 Index | CF1 Index | Z 1 Index | QC1 Index | NO1 Index | UXY1 Comdty | WN1 Comdty | DU1 Comdty | SFR5 Comdty | ER4 Comdty | IR4 Comdty | EC1 Curncy | BP1 Curncy | CD1 Curncy | JY1 Curncy | AD1 Curncy | PE1 Curncy | CL1 Comdty | CO1 Comdty | NG1 Comdty | GC1 Comdty | HG1 Comdty | SI1 Comdty | SCO1 Comdty | C 1 Comdty | W 1 Comdty | CA1 Comdty | S 1 Comdty | SM1 Comdty | BO1 Comdty,19,8,"FX:6, Eq:3, Rates:3, Ag:3, Ener:2, Met:2","FX:4, Ag:2, Ener:1, Met:1",VG1 Index | CF1 Index | NO1 Index | DU1 Comdty | SFR5 Comdty | ER4 Comdty | EC1 Curncy | BP1 Curncy | CD1 Curncy | JY1 Curncy | AD1 Curncy | PE1 Curncy | CL1 Comdty | NG1 Comdty | GC1 Comdty | HG1 Comdty | C 1 Comdty | W 1 Comdty | S 1 Comdty,8,10,46,"Eq:13, Rates:10, Ag:9, FX:7, Met:4, Ener:3",C 1 Comdty | CD1 Curncy | QC1 Index | GC1 Comdty | UXY1 Comdty | NG1 Comdty | W 1 Comdty | JY1 Curncy | NO1 Index | SCO1 Comdty | IR4 Comdty | CL1 Comdty | SM1 Comdty | BP1 Curncy | VG1 Index | SI1 Comdty | WN1 Comdty | CO1 Comdty | S 1 Comdty | AD1 Curncy | CF1 Index | HG1 Comdty | DU1 Comdty | BO1 Comdty | EC1 Curncy | Z 1 Index | SFR5 Comdty | CA1 Comdty | PE1 Curncy | DM1 Index | ER4 Comdty | RS1 Comdty | NV1 Curncy | RTY1 Index | IK1 Comdty | SB1 Comdty | SM1 Index | SFI5 Comdty | CT1 Comdty | TP1 Index | RX1 Comdty | ES1 Index | OAT1 Comdty | XU1 Index | GX1 Index | EO1 Index,27,"FX:6, Ag:6, Eq:5, Rates:5, Met:3, Ener:2",C 1 Comdty | CD1 Curncy | QC1 Index | GC1 Comdty | UXY1 Comdty | NG1 Comdty | W 1 Comdty | JY1 Curncy | NO1 Index | SCO1 Comdty | IR4 Comdty | CL1 Comdty | SM1 Comdty | BP1 Curncy | VG1 Index | SI1 Comdty | WN1 Comdty | S 1 Comdty | AD1 Curncy | CF1 Index | DU1 Comdty | BO1 Comdty | EC1 Curncy | Z 1 Index | SFR5 Comdty | CA1 Comdty | PE1 Curncy,33,"Eq:9, FX:7, Ag:7, Rates:6, Ener:2, Met:2",C 1 Comdty | JY1 Curncy | GC1 Comdty | NO1 Index | NG1 Comdty | DU1 Comdty | W 1 Comdty | BP1 Curncy | HG1 Comdty | VG1 Index | CL1 Comdty | SFR5 Comdty | S 1 Comdty | AD1 Curncy | CF1 Index | ER4 Comdty | RS1 Comdty | EC1 Curncy | DM1 Index | SFI5 Comdty | SB1 Comdty | PE1 Curncy | RTY1 Index | TU1 Comdty | CT1 Comdty | CD1 Curncy | TP1 Index | FV1 Comdty | LH1 Comdty | NV1 Curncy | ES1 Index | GX1 Index | EO1 Index,19,"FX:5, Eq:4, Ag:4, Rates:3, Ener:2, Met:1",C 1 Comdty | JY1 Curncy | GC1 Comdty | NO1 Index | NG1 Comdty | DU1 Comdty | W 1 Comdty | BP1 Curncy | VG1 Index | CL1 Comdty | SFR5 Comdty | S 1 Comdty | AD1 Curncy | CF1 Index | ER4 Comdty | RS1 Comdty | EC1 Curncy | DM1 Index | PE1 Curncy
1000000.0,54,20,49,19,"Eq:14, Rates:12, Ag:9, FX:7, Met:4, Ener:3","FX:6, Ag:5, Eq:3, Met:3, Rates:1, Ener:1",ES1 Index | RTY1 Index | DM1 Index | VG1 Index | GX1 Index | CF1 Index | EO1 Index | Z 1 Index | SM1 Index | QC1 Index | NO1 Index | TP1 Index | HC1 Index | XU1 Index | TU1 Comdty | FV1 Comdty | UXY1 Comdty | WN1 Comdty | DU1 Comdty | RX1 Comdty | OAT1 Comdty | IK1 Comdty | SFR5 Comdty | SFI5 Comdty | ER4 Comdty | IR4 Comdty | EC1 Curncy | BP1 Curncy | CD1 Curncy | JY1 Curncy | AD1 Curncy | NV1 Curncy | PE1 Curncy | CL1 Comdty | CO1 Comdty | NG1 Comdty | GC1 Comdty | HG1 Comdty | SI1 Comdty | SCO1 Comdty | C 1 Comdty | W 1 Comdty | CA1 Comdty | S 1 Comdty | SM1 Comdty | BO1 Comdty | RS1 Comdty | SB1 Comdty | CT1 Comdty,32,12,"Eq:9, FX:7, Rates:6, Ag:6, Ener:2, Met:2","FX:5, Ag:3, Eq:2, Ener:1, Met:1",ES1 Index | RTY1 Index | DM1 Index | VG1 Index | GX1 Index | CF1 Index | EO1 Index | NO1 Index | TP1 Index | TU1 Comdty | FV1 Comdty | DU1 Comdty | SFR5 Comdty | SFI5 Comdty | ER4 Comdty | EC1 Curncy | BP1 Curncy | CD1 Curncy | JY1 Curncy | AD1 Curncy | NV1 Curncy | PE1 Curncy | CL1 Comdty | NG1 Comdty | GC1 Comdty | HG1 Comdty | C 1 Comdty | W 1 Comdty | S 1 Comdty | RS1 Comdty | SB1 Comdty | CT1 Comdty,21,16,55,"Eq:15, Rates:13, Ag:13, FX:7, Met:4, Ener:3",C 1 Comdty | CD1 Curncy | QC1 Index | GC1 Comdty | UXY1 Comdty | NG1 Comdty | W 1 Comdty | JY1 Curncy | NO1 Index | SCO1 Comdty | IR4 Comdty | CL1 Comdty | SM1 Comdty | BP1 Curncy | VG1 Index | SI1 Comdty | WN1 Comdty | CO1 Comdty | S 1 Comdty | AD1 Curncy | CF1 Index | HG1 Comdty | DU1 Comdty | BO1 Comdty | EC1 Curncy | Z 1 Index | SFR5 Comdty | CA1 Comdty | PE1 Curncy | DM1 Index | ER4 Comdty | RS1 Comdty | NV1 Curncy | RTY1 Index | IK1 Comdty | SB1 Comdty | SM1 Index | SFI5 Comdty | CT1 Comdty | TP1 Index | RX1 Comdty | LH1 Comdty | ES1 Index | OAT1 Comdty | KW1 Comdty | XU1 Index | TU1 Comdty | LC1 Comdty | GX1 Index | FV1 Comdty | QW1 Comdty | EO1 Index | OE1 Comdty | HC1 Index | PT1 Index,35,"Eq:8, Rates:8, Ag:7, FX:6, Ener:3, Met:3",C 1 Comdty | CD1 Curncy | QC1 Index | GC1 Comdty | UXY1 Comdty | NG1 Comdty | W 1 Comdty | JY1 Curncy | NO1 Index | SCO1 Comdty | IR4 Comdty | CL1 Comdty | SM1 Comdty | BP1 Curncy | VG1 Index | SI1 Comdty | WN1 Comdty | CO1 Comdty | S 1 Comdty | AD1 Curncy | CF1 Index | DU1 Comdty | BO1 Comdty | EC1 Curncy | Z 1 Index | SFR5 Comdty | CA1 Comdty | PE1 Curncy | DM1 Index | ER4 Comdty | RS1 Comdty | RTY1 Index | IK1 Comdty | SM1 Index | SFI5 Comdty,43,"Ag:11, Eq:10, Rates:9, FX:8, Met:3, Ener:2",C 1 Comdty | JY1 Curncy | GC1 Comdty | NO1 Index | NG1 Comdty | DU1 Comdty | W 1 Comdty | BP1 Curncy | HG1 Comdty | VG1 Index | CL1 Comdty | SFR5 Comdty | S 1 Comdty | AD1 Curncy | SI1 Comdty | CF1 Index | ER4 Comdty | RS1 Comdty | EC1 Curncy | DM1 Index | SFI5 Comdty | SB1 Comdty | PE1 Curncy | RTY1 Index | TU1 Comdty | CT1 Comdty | CD1 Curncy | TP1 Index | FV1 Comdty | LH1 Comdty | NV1 Curncy | ES1 Index | OE1 Comdty | KW1 Comdty | SF1 Curncy | GX1 Index | UXY1 Comdty | LC1 Comdty | EO1 Index | TY1 Comdty | QW1 Comdty | NQ1 Index | SM1 Comdty,27,"Eq:7, FX:6, Rates:5, Ag:5, Ener:2, Met:2",C 1 Comdty | JY1 Curncy | GC1 Comdty | NO1 Index | NG1 Comdty | DU1 Comdty | W 1 Comdty | BP1 Curncy | HG1 Comdty | VG1 Index | CL1 Comdty | SFR5 Comdty | S 1 Comdty | AD1 Curncy | CF1 Index | ER4 Comdty | RS1 Comdty | EC1 Curncy | DM1 Index | SFI5 Comdty | SB1 Comdty | PE1 Curncy | RTY1 Index | TU1 Comdty | CD1 Curncy | TP1 Index | ES1 Index
2000000.0,69,32,61,30,"Eq:17, Rates:16, Ag:14, FX:7, Met:4, Ener:3","Rates:6, FX:6, Ag:6, Eq:5, Met:4, Ener:3",ES1 Index | NQ1 Index | RTY1 Index | DM1 Index | VG1 Index | GX1 Index | CF1 Index | EO1 Index | Z 1 Index | SM1 Index | QC1 Index | NO1 Index | TP1 Index | PT1 Index | HI1 Index | HC1 Index | XU1 Index | TU1 Comdty | FV1 Comdty | TY1 Comdty | UXY1 Comdty | WN1 Comdty | DU1 Comdty | OE1 Comdty | RX1 Comdty | OAT1 Comdty | CN1 Comdty | XM1 Comdty | IK1 Comdty | SFR5 Comdty | SFI5 Comdty | ER4 Comdty | IR4 Comdty | EC1 Curncy | BP1 Curncy | CD1 Curncy | JY1 Curncy | AD1 Curncy | NV1 Curncy | PE1 Curncy | CL1 Comdty | CO1 Comdty | NG1 Comdty | GC1 Comdty | HG1 Comdty | SI1 Comdty | SCO1 Comdty | C 1 Comdty | W 1 Comdty | KW1 Comdty | CA1 Comdty | S 1 Comdty | SM1 Comdty | BO1 Comdty | RS1 Comdty | IJ1 Comdty | LC1 Comdty | LH1 Comdty | SB1 Comdty | QW1 Comdty | CT1 Comdty,43,19,"Ag:11, Eq:10, Rates:9, FX:8, Met:3, Ener:2","FX:6, Eq:3, Rates:3, Ag:3, Ener:2, Met:2",ES1 Index | NQ1 Index | RTY1 Index | DM1 Index | VG1 Index | GX1 Index | CF1 Index | EO1 Index | NO1 Index | TP1 Index | TU1 Comdty | FV1 Comdty | TY1 Comdty | UXY1 Comdty | DU1 Comdty | OE1 Comdty | SFR5 Comdty | SFI5 Comdty | ER4 Comdty | EC1 Curncy | BP1 Curncy | SF1 Curncy | CD1 Curncy | JY1 Curncy | AD1 Curncy | NV1 Curncy | PE1 Curncy | CL1 Comdty | NG1 Comdty | GC1 Comdty | HG1 Comdty | SI1 Comdty | C 1 Comdty | W 1 Comdty | KW1 Comdty | S 1 Comdty | SM1 Comdty | RS1 Comdty | LC1 Comdty | LH1 Comdty | SB1 Comdty | QW1 Comdty | CT1 Comdty,41,32,61,"Eq:17, Rates:16, Ag:14, FX:7, Met:4, Ener:3",C 1 Comdty | CD1 Curncy | QC1 Index | GC1 Comdty | UXY1 Comdty | NG1 Comdty | W 1 Comdty | JY1 Curncy | NO1 Index | SCO1 Comdty | IR4 Comdty | CL1 Comdty | SM1 Comdty | BP1 Curncy | VG1 Index | SI1 Comdty | WN1 Comdty | CO1 Comdty | S 1 Comdty | AD1 Curncy | CF1 Index | HG1 Comdty | DU1 Comdty | BO1 Comdty | EC1 Curncy | Z 1 Index | SFR5 Comdty | CA1 Comdty | PE1 Curncy | DM1 Index | ER4 Comdty | RS1 Comdty | NV1 Curncy | RTY1 Index | IK1 Comdty | SB1 Comdty | SM1 Index | SFI5 Comdty | CT1 Comdty | TP1 Index | RX1 Comdty | LH1 Comdty | ES1 Index | OAT1 Comdty | KW1 Comdty | XU1 Index | TU1 Comdty | LC1 Comdty | GX1 Index | FV1 Comdty | QW1 Comdty | EO1 Index | OE1 Comdty | IJ1 Comdty | HC1 Index | XM1 Comdty | PT1 Index | TY1 Comdty | NQ1 Index | CN1 Comdty | HI1 Index,46,"Eq:13, Rates:10, Ag:9, FX:7, Met:4, Ener:3",C 1 Comdty | CD1 Curncy | QC1 Index | GC1 Comdty | UXY1 Comdty | NG1 Comdty | W 1 Comdty | JY1 Curncy | NO1 Index | SCO1 Comdty | IR4 Comdty | CL1 Comdty | SM1 Comdty | BP1 Curncy | VG1 Index | SI1 Comdty | WN1 Comdty | CO1 Comdty | S 1 Comdty | AD1 Curncy | CF1 Index | HG1 Comdty | DU1 Comdty | BO1 Comdty | EC1 Curncy | Z 1 Index | SFR5 Comdty | CA1 Comdty | PE1 Curncy | DM1 Index | ER4 Comdty | RS1 Comdty | NV1 Curncy | RTY1 Index | IK1 Comdty | SB1 Comdty | SM1 Index | SFI5 Comdty | CT1 Comdty | TP1 Index | RX1 Comdty | ES1 Index | OAT1 Comdty | XU1 Index | GX1 Index | EO1 Index,50,"Rates:12, Ag:12, Eq:11, FX:8, Met:4, Ener:3",C 1 Comdty | JY1 Curncy | GC1 Comdty | NO1 Index | NG1 Comdty | DU1 Comdty | W 1 Comdty | BP1 Curncy | HG1 Comdty | VG1 Index | CL1 Comdty | SFR5 Comdty | S 1 Comdty | AD1 Curncy | SI1 Comdty | CF1 Index | CO1 Comdty | ER4 Comdty | RS1 Comdty | EC1 Curncy | PL1 Comdty | DM1 Index | SFI5 Comdty | SB1 Comdty | PE1 Curncy | RTY1 Index | TU1 Comdty | CT1 Comdty | CD1 Curncy | TP1 Index | FV1 Comdty | LH1 Comdty | NV1 Curncy | ES1 Index | OE1 Comdty | KW1 Comdty | SF1 Curncy | GX1 Index | UXY1 Comdty | LC1 Comdty | EO1 Index | TY1 Comdty | QW1 Comdty | NQ1 Index | IK1 Comdty | SM1 Comdty | Z 1 Index | RX1 Comdty | BO1 Comdty | OAT1 Comdty,33,"Eq:9, FX:7, Ag:7, Rates:6, Ener:2, Met:2",C 1 Comdty | JY1 Curncy | GC1 Comdty | NO1 Index | NG1 Comdty | DU1 Comdty | W 1 Comdty | BP1 Curncy | HG1 Comdty | VG1 Index | CL1 Comdty | SFR5 Comdty | S 1 Comdty | AD1 Curncy | CF1 Index | ER4 Comdty | RS1 Comdty | EC1 Curncy | DM1 Index | SFI5 Comdty | SB1 Comdty | PE1 Curncy | RTY1 Index | TU1 Comdty | CT1 Comdty | CD1 Curncy | TP1 Index | FV1 Comdty | LH1 Comdty | NV1 Curncy | ES1 Index | GX1 Index | EO1 Index
5000000.0,81,56,72,50,"Eq:19, Rates:19, Ag:17, FX:7, Met:6, Ener:4","Eq:14, Rates:12, Ag:10, FX:7, Met:4, Ener:3",ES1 Index | NQ1 Index | RTY1 Index | DM1 Index | MES1 Index | VG1 Index | GX1 Index | CF1 Index | EO1 Index | Z 1 Index | SM1 Index | QC1 Index | NO1 Index | TP1 Index | XP1 Index | PT1 Index | HI1 Index | HC1 Index | XU1 Index | TU1 Comdty | FV1 Comdty | TY1 Comdty | UXY1 Comdty | US1 Comdty | WN1 Comdty | DU1 Comdty | OE1 Comdty | RX1 Comdty | UB1 Comdty | G 1 Comdty | OAT1 Comdty | CN1 Comdty | XM1 Comdty | IK1 Comdty | SFR5 Comdty | SFI5 Comdty | ER4 Comdty | IR4 Comdty | EC1 Curncy | BP1 Curncy | CD1 Curncy | JY1 Curncy | AD1 Curncy | NV1 Curncy | PE1 Curncy | CL1 Comdty | CO1 Comdty | QS1 Comdty | NG1 Comdty | GC1 Comdty | HG1 Comdty | SI1 Comdty | PL1 Comdty | PA1 Comdty | SCO1 Comdty | C 1 Comdty | W 1 Comdty | KW1 Comdty | CA1 Comdty | S 1 Comdty | SM1 Comdty | BO1 Comdty | RS1 Comdty | IJ1 Comdty | LC1 Comdty | LH1 Comdty | FC1 Comdty | SB1 Comdty | QW1 Comdty | DF1 Comdty | QC1 Comdty | CT1 Comdty,61,34,"Rates:16, Ag:15, Eq:12, FX:8, Ener:5, Met:5","Eq:9, FX:8, Ag:7, Rates:6, Ener:2, Met:2",ES1 Index | NQ1 Index | RTY1 Index | DM1 Index | MES1 Index | VG1 Index | GX1 Index | CF1 Index | EO1 Index | Z 1 Index | NO1 Index | TP1 Index | TU1 Comdty | FV1 Comdty | TY1 Comdty | UXY1 Comdty | US1 Comdty | WN1 Comdty | DU1 Comdty | OE1 Comdty | RX1 Comdty | UB1 Comdty | G 1 Comdty | OAT1 Comdty | IK1 Comdty | SFR5 Comdty | SFI5 Comdty | ER4 Comdty | EC1 Curncy | BP1 Curncy | SF1 Curncy | CD1 Curncy | JY1 Curncy | AD1 Curncy | NV1 Curncy | PE1 Curncy | CL1 Comdty | CO1 Comdty | XB1 Comdty | QS1 Comdty | NG1 Comdty | GC1 Comdty | HG1 Comdty | SI1 Comdty | PL1 Comdty | PA1 Comdty | C 1 Comdty | W 1 Comdty | KW1 Comdty | S 1 Comdty | SM1 Comdty | BO1 Comdty | RS1 Comdty | LC1 Comdty | LH1 Comdty | FC1 Comdty | SB1 Comdty | QW1 Comdty | DF1 Comdty | QC1 Comdty | CT1 Comdty,67,55,72,"Eq:19, Rates:19, Ag:17, FX:7, Met:6, Ener:4",C 1 Comdty | CD1 Curncy | QC1 Index | GC1 Comdty | UXY1 Comdty | NG1 Comdty | W 1 Comdty | JY1 Curncy | NO1 Index | SCO1 Comdty | IR4 Comdty | CL1 Comdty | SM1 Comdty | BP1 Curncy | VG1 Index | SI1 Comdty | WN1 Comdty | CO1 Comdty | S 1 Comdty | AD1 Curncy | CF1 Index | HG1 Comdty | DU1 Comdty | QS1 Comdty | BO1 Comdty | EC1 Curncy | Z 1 Index | PL1 Comdty | SFR5 Comdty | CA1 Comdty | PE1 Curncy | DM1 Index | PA1 Comdty | ER4 Comdty | RS1 Comdty | NV1 Curncy | RTY1 Index | IK1 Comdty | SB1 Comdty | SM1 Index | SFI5 Comdty | CT1 Comdty | TP1 Index | RX1 Comdty | LH1 Comdty | ES1 Index | OAT1 Comdty | KW1 Comdty | XU1 Index | TU1 Comdty | LC1 Comdty | GX1 Index | FV1 Comdty | QW1 Comdty | EO1 Index | OE1 Comdty | IJ1 Comdty | HC1 Index | XM1 Comdty | DF1 Comdty | PT1 Index | TY1 Comdty | FC1 Comdty | NQ1 Index | CN1 Comdty | QC1 Comdty | HI1 Index | US1 Comdty | MES1 Index | UB1 Comdty | XP1 Index | G 1 Comdty,57,"Eq:15, Rates:14, Ag:14, FX:7, Met:4, Ener:3",C 1 Comdty | CD1 Curncy | QC1 Index | GC1 Comdty | UXY1 Comdty | NG1 Comdty | W 1 Comdty | JY1 Curncy | NO1 Index | SCO1 Comdty | IR4 Comdty | CL1 Comdty | SM1 Comdty | BP1 Curncy | VG1 Index | SI1 Comdty | WN1 Comdty | CO1 Comdty | S 1 Comdty | AD1 Curncy | CF1 Index | HG1 Comdty | DU1 Comdty | BO1 Comdty | EC1 Curncy | Z 1 Index | SFR5 Comdty | CA1 Comdty | PE1 Curncy | DM1 Index | ER4 Comdty | RS1 Comdty | NV1 Curncy | RTY1 Index | IK1 Comdty | SB1 Comdty | SM1 Index | SFI5 Comdty | CT1 Comdty | TP1 Index | RX1 Comdty | LH1 Comdty | ES1 Index | OAT1 Comdty | KW1 Comdty | XU1 Index | TU1 Comdty | LC1 Comdty | GX1 Index | FV1 Comdty | QW1 Comdty | EO1 Index | OE1 Comdty | IJ1 Comdty | HC1 Index | XM1 Comdty | PT1 Index,63,"Rates:16, Ag:15, Eq:13, FX:8, Ener:6, Met:5",C 1 Comdty | JY1 Curncy | GC1 Comdty | NO1 Index | NG1 Comdty | DU1 Comdty | W 1 Comdty | BP1 Curncy | HG1 Comdty | VG1 Index | CL1 Comdty | SFR5 Comdty | S 1 Comdty | AD1 Curncy | SI1 Comdty | CF1 Index | CO1 Comdty | ER4 Comdty | RS1 Comdty | EC1 Curncy | PL1 Comdty | DM1 Index | QS1 Comdty | SFI5 Comdty | SB1 Comdty | PE1 Curncy | PA1 Comdty | RTY1 Index | XB1 Comdty | TU1 Comdty | CT1 Comdty | CD1 Curncy | TP1 Index | HO1 Comdty | FV1 Comdty | LH1 Comdty | NV1 Curncy | ES1 Index | OE1 Comdty | KW1 Comdty | SF1 Curncy | GX1 Index | UXY1 Comdty | LC1 Comdty | EO1 Index | TY1 Comdty | QW1 Comdty | NQ1 Index | IK1 Comdty | SM1 Comdty | Z 1 Index | RX1 Comdty | BO1 Comdty | MES1 Index | OAT1 Comdty | DF1 Comdty | SM1 Index | US1 Comdty | FC1 Comdty | UB1 Comdty | QC1 Comdty | WN1 Comdty | G 1 Comdty,44,"Ag:11, Eq:10, Rates:10, FX:8, Met:3, Ener:2",C 1 Comdty | JY1 Curncy | GC1 Comdty | NO1 Index | NG1 Comdty | DU1 Comdty | W 1 Comdty | BP1 Curncy | HG1 Comdty | VG1 Index | CL1 Comdty | SFR5 Comdty | S 1 Comdty | AD1 Curncy | SI1 Comdty | CF1 Index | ER4 Comdty | RS1 Comdty | EC1 Curncy | DM1 Index | SFI5 Comdty | SB1 Comdty | PE1 Curncy | RTY1 Index | TU1 Comdty | CT1 Comdty | CD1 Curncy | TP1 Index | FV1 Comdty | LH1 Comdty | NV1 Curncy | ES1 Index | OE1 Comdty | KW1 Comdty | SF1 Curncy | GX1 Index | UXY1 Comdty | LC1 Comdty | EO1 Index | TY1 Comdty | QW1 Comdty | NQ1 Index | IK1 Comdty | SM1 Comdty
20000000.0,84,81,75,72,"Eq:20, Rates:19, Ag:19, FX:7, Met:6, Ener:4","Eq:19, Rates:19, Ag:17, FX:7, Met:6, Ener:4",ES1 Index | NQ1 Index | RTY1 Index | DM1 Index | MES1 Index | VG1 Index | GX1 Index | CF1 Index | EO1 Index | Z 1 Index | SM1 Index | QC1 Index | NO1 Index | TP1 Index | XP1 Index | PT1 Index | TWT1 Index | HI1 Index | HC1 Index | XU1 Index | TU1 Comdty | FV1 Comdty | TY1 Comdty | UXY1 Comdty | US1 Comdty | WN1 Comdty | DU1 Comdty | OE1 Comdty | RX1 Comdty | UB1 Comdty | G 1 Comdty | OAT1 Comdty | CN1 Comdty | XM1 Comdty | IK1 Comdty | SFR5 Comdty | SFI5 Comdty | ER4 Comdty | IR4 Comdty | EC1 Curncy | BP1 Curncy | CD1 Curncy | JY1 Curncy | AD1 Curncy | NV1 Curncy | PE1 Curncy | CL1 Comdty | CO1 Comdty | QS1 Comdty | NG1 Comdty | GC1 Comdty | HG1 Comdty | SI1 Comdty | PL1 Comdty | PA1 Comdty | SCO1 Comdty | C 1 Comdty | W 1 Comdty | KW1 Comdty | CA1 Comdty | S 1 Comdty | SM1 Comdty | BO1 Comdty | RS1 Comdty | IJ1 Comdty | LC1 Comdty | LH1 Comdty | FC1 Comdty | SB1 Comdty | QW1 Comdty | KC1 Comdty | DF1 Comdty | CC1 Comdty | QC1 Comdty | CT1 Comdty,66,61,"Rates:17, Ag:17, Eq:13, FX:8, Ener:6, Met:5","Rates:16, Ag:15, Eq:12, FX:8, Ener:5, Met:5",ES1 Index | NQ1 Index | RTY1 Index | DM1 Index | MES1 Index | VG1 Index | GX1 Index | CF1 Index | EO1 Index | Z 1 Index | SM1 Index | NO1 Index | TP1 Index | TU1 Comdty | FV1 Comdty | TY1 Comdty | UXY1 Comdty | US1 Comdty | WN1 Comdty | DU1 Comdty | OE1 Comdty | RX1 Comdty | UB1 Comdty | G 1 Comdty | JB1 Comdty | OAT1 Comdty | IK1 Comdty | SFR5 Comdty | SFI5 Comdty | ER4 Comdty | EC1 Curncy | BP1 Curncy | SF1 Curncy | CD1 Curncy | JY1 Curncy | AD1 Curncy | NV1 Curncy | PE1 Curncy | CL1 Comdty | CO1 Comdty | HO1 Comdty | XB1 Comdty | QS1 Comdty | NG1 Comdty | GC1 Comdty | HG1 Comdty | SI1 Comdty | PL1 Comdty | PA1 Comdty | C 1 Comdty | W 1 Comdty | KW1 Comdty | S 1 Comdty | SM1 Comdty | BO1 Comdty | RS1 Comdty | LC1 Comdty | LH1 Comdty | FC1 Comdty | SB1 Comdty | QW1 Comdty | KC1 Comdty | DF1 Comdty | CC1 Comdty | QC1 Comdty | CT1 Comdty,83,77,75,"Eq:20, Rates:19, Ag:19, FX:7, Met:6, Ener:4",C 1 Comdty | CD1 Curncy | QC1 Index | GC1 Comdty | UXY1 Comdty | NG1 Comdty | W 1 Comdty | JY1 Curncy | NO1 Index | SCO1 Comdty | IR4 Comdty | CL1 Comdty | SM1 Comdty | BP1 Curncy | VG1 Index | SI1 Comdty | WN1 Comdty | CO1 Comdty | S 1 Comdty | AD1 Curncy | CF1 Index | HG1 Comdty | DU1 Comdty | QS1 Comdty | BO1 Comdty | EC1 Curncy | Z 1 Index | PL1 Comdty | SFR5 Comdty | CA1 Comdty | PE1 Curncy | DM1 Index | PA1 Comdty | ER4 Comdty | RS1 Comdty | NV1 Curncy | RTY1 Index | IK1 Comdty | SB1 Comdty | SM1 Index | SFI5 Comdty | CT1 Comdty | TP1 Index | RX1 Comdty | LH1 Comdty | ES1 Index | OAT1 Comdty | KW1 Comdty | XU1 Index | TU1 Comdty | LC1 Comdty | GX1 Index | FV1 Comdty | QW1 Comdty | EO1 Index | OE1 Comdty | IJ1 Comdty | HC1 Index | XM1 Comdty | DF1 Comdty | PT1 Index | TY1 Comdty | FC1 Comdty | NQ1 Index | CN1 Comdty | QC1 Comdty | HI1 Index | US1 Comdty | CC1 Comdty | MES1 Index | UB1 Comdty | KC1 Comdty | XP1 Index | G 1 Comdty | TWT1 Index,72,"Eq:19, Rates:19, Ag:17, FX:7, Met:6, Ener:4",C 1 Comdty | CD1 Curncy | QC1 Index | GC1 Comdty | UXY1 Comdty | NG1 Comdty | W 1 Comdty | JY1 Curncy | NO1 Index | SCO1 Comdty | IR4 Comdty | CL1 Comdty | SM1 Comdty | BP1 Curncy | VG1 Index | SI1 Comdty | WN1 Comdty | CO1 Comdty | S 1 Comdty | AD1 Curncy | CF1 Index | HG1 Comdty | DU1 Comdty | QS1 Comdty | BO1 Comdty | EC1 Curncy | Z 1 Index | PL1 Comdty | SFR5 Comdty | CA1 Comdty | PE1 Curncy | DM1 Index | PA1 Comdty | ER4 Comdty | RS1 Comdty | NV1 Curncy | RTY1 Index | IK1 Comdty | SB1 Comdty | SM1 Index | SFI5 Comdty | CT1 Comdty | TP1 Index | RX1 Comdty | LH1 Comdty | ES1 Index | OAT1 Comdty | KW1 Comdty | XU1 Index | TU1 Comdty | LC1 Comdty | GX1 Index | FV1 Comdty | QW1 Comdty | EO1 Index | OE1 Comdty | IJ1 Comdty | HC1 Index | XM1 Comdty | DF1 Comdty | PT1 Index | TY1 Comdty | FC1 Comdty | NQ1 Index | CN1 Comdty | QC1 Comdty | HI1 Index | US1 Comdty | MES1 Index | UB1 Comdty | XP1 Index | G 1 Comdty,66,"Rates:17, Ag:17, Eq:13, FX:8, Ener:6, Met:5",C 1 Comdty | JY1 Curncy | GC1 Comdty | NO1 Index | NG1 Comdty | DU1 Comdty | W 1 Comdty | BP1 Curncy | HG1 Comdty | VG1 Index | CL1 Comdty | SFR5 Comdty | S 1 Comdty | AD1 Curncy | SI1 Comdty | CF1 Index | CO1 Comdty | ER4 Comdty | RS1 Comdty | EC1 Curncy | PL1 Comdty | DM1 Index | QS1 Comdty | SFI5 Comdty | SB1 Comdty | PE1 Curncy | PA1 Comdty | RTY1 Index | XB1 Comdty | TU1 Comdty | CT1 Comdty | CD1 Curncy | TP1 Index | HO1 Comdty | FV1 Comdty | LH1 Comdty | NV1 Curncy | ES1 Index | OE1 Comdty | KW1 Comdty | SF1 Curncy | GX1 Index | UXY1 Comdty | LC1 Comdty | EO1 Index | TY1 Comdty | QW1 Comdty | NQ1 Index | IK1 Comdty | SM1 Comdty | Z 1 Index | RX1 Comdty | BO1 Comdty | MES1 Index | OAT1 Comdty | DF1 Comdty | SM1 Index | US1 Comdty | FC1 Comdty | UB1 Comdty | QC1 Comdty | WN1 Comdty | CC1 Comdty | G 1 Comdty | KC1 Comdty | JB1 Comdty,63,"Rates:16, Ag:15, Eq:13, FX:8, Ener:6, Met:5",C 1 Comdty | JY1 Curncy | GC1 Comdty | NO1 Index | NG1 Comdty | DU1 Comdty | W 1 Comdty | BP1 Curncy | HG1 Comdty | VG1 Index | CL1 Comdty | SFR5 Comdty | S 1 Comdty | AD1 Curncy | SI1 Comdty | CF1 Index | CO1 Comdty | ER4 Comdty | RS1 Comdty | EC1 Curncy | PL1 Comdty | DM1 Index | QS1 Comdty | SFI5 Comdty | SB1 Comdty | PE1 Curncy | PA1 Comdty | RTY1 Index | XB1 Comdty | TU1 Comdty | CT1 Comdty | CD1 Curncy | TP1 Index | HO1 Comdty | FV1 Comdty | LH1 Comdty | NV1 Curncy | ES1 Index | OE1 Comdty | KW1 Comdty | SF1 Curncy | GX1 Index | UXY1 Comdty | LC1 Comdty | EO1 Index | TY1 Comdty | QW1 Comdty | NQ1 Index | IK1 Comdty | SM1 Comdty | Z 1 Index | RX1 Comdty | BO1 Comdty | MES1 Index | OAT1 Comdty | DF1 Comdty | SM1 Index | US1 Comdty | FC1 Comdty | UB1 Comdty | QC1 Comdty | WN1 Comdty | G 1 Comdty
