mkt,zero_share_2010,zero_share_specific_2010,longest_zero_run_listing,ac1_2010,ac1_t_2010,vr5_2010,vr20_2010,gross_pnl_2010_pct,gross_pnl_2010_sr,share_of_total_gross_2010,lag_cost_2010_pct,gross_pnl_2023_pct
CUA1 Comdty,0.1617,0.1308,10.0000,0.1694,11.1200,1.2353,1.5203,1.6287,0.6898,0.1120,0.1245,-1.4303
SCO1 Comdty,0.0277,0.0219,3.0000,0.0580,3.0352,1.1342,1.2505,1.3725,0.7217,0.0944,-0.0764,-1.9172
CL1 Comdty,0.0858,0.0522,9.0000,-0.0127,-0.8314,0.8354,0.7902,-0.1432,-0.0907,-0.0098,-0.0153,-1.1513
CO1 Comdty,0.0155,0.0051,3.0000,-0.0082,-0.5410,0.9119,0.8811,0.4765,0.2896,0.0328,-0.0175,-1.2055
NG1 Comdty,0.0415,0.0063,7.0000,-0.0294,-1.9315,1.0208,1.0258,0.1542,0.0715,0.0106,0.0176,-0.9635
HO1 Comdty,0.0830,0.0493,6.0000,-0.0007,-0.0437,1.0025,0.9829,0.0498,0.0297,0.0034,0.0593,-0.6206
GC1 Comdty,0.0385,0.0031,3.0000,-0.0296,-1.9406,0.8973,0.8758,1.0744,0.4297,0.0739,-0.0070,4.1769
SI1 Comdty,0.0376,0.0022,3.0000,-0.0442,-2.9023,0.8996,0.8670,0.2792,0.1236,0.0192,0.1169,1.3046
HG1 Comdty,0.0415,0.0063,3.0000,-0.0370,-2.4312,0.9729,0.8420,-0.1225,-0.0599,-0.0084,0.0723,-0.6937
C 1 Comdty,0.0503,0.0154,4.0000,0.0221,1.4529,1.0650,1.0859,0.1134,0.1545,0.0078,0.0155,0.4368
S 1 Comdty,0.0466,0.0115,3.0000,0.0023,0.1495,1.0136,1.0449,0.0731,0.1034,0.0050,0.0037,-0.1420
W 1 Comdty,0.0476,0.0125,3.0000,0.0160,1.0514,0.9764,0.9241,-0.0066,-0.0088,-0.0005,0.0308,-0.0757
SB1 Comdty,0.0531,0.0183,4.0000,0.0018,0.1161,0.9517,1.0468,0.1394,0.1991,0.0096,0.0329,-0.4195
KC1 Comdty,0.0445,0.0094,21.0000,-0.0348,-2.2852,0.8753,0.8804,0.1038,0.1400,0.0071,0.0231,0.3444
median liquid (12),0.0456,0.0105,3.5000,-0.0105,-0.6862,0.9623,0.9026,0.1086,0.1135,0.0075,0.0203,-0.2808
