mkt,group,std_last1to4_over_first5
SCO1 Comdty,Metals,0.210
CUA1 Comdty,Energy,0.246
SFR5 Comdty,STIR,0.750
TU1 Comdty,Bonds,0.765
JB1 Comdty,Bonds,0.770
SF1 Curncy,FX,0.781
IR4 Comdty,STIR,0.789
JY1 Curncy,FX,0.804
UXY1 Comdty,Bonds,0.815
EC1 Curncy,FX,0.821
WN1 Comdty,Bonds,0.821
FV1 Comdty,Bonds,0.824
US1 Comdty,Bonds,0.834
CO1 Comdty,Energy,0.835
TY1 Comdty,Bonds,0.836
TP1 Index,Equities,0.845
AD1 Curncy,FX,0.845
HG1 Comdty,Metals,0.852
CD1 Curncy,FX,0.853
GC1 Comdty,Metals,0.854
DU1 Comdty,Bonds,0.860
TWT1 Index,Equities,0.864
NO1 Curncy,FX,0.867
HI1 Index,Equities,0.871
QS1 Comdty,Energy,0.871
FC1 Comdty,Agriculture,0.873
ER4 Comdty,STIR,0.875
EO1 Index,Equities,0.876
RX1 Comdty,Bonds,0.877
SI1 Comdty,Metals,0.879
NO1 Index,Equities,0.880
OAT1 Comdty,Bonds,0.880
OE1 Comdty,Bonds,0.881
SE1 Curncy,FX,0.885
SM1 Index,Equities,0.893
IK1 Comdty,Bonds,0.894
RTY1 Index,Equities,0.896
UB1 Comdty,Bonds,0.897
PE1 Curncy,FX,0.898
Z 1 Index,Equities,0.898
GX1 Index,Equities,0.904
XM1 Comdty,Bonds,0.906
CN1 Comdty,Bonds,0.906
CL1 Comdty,Energy,0.907
DM1 Index,Equities,0.914
NV1 Curncy,FX,0.914
ES1 Index,Equities,0.918
PT1 Index,Equities,0.920
G 1 Comdty,Bonds,0.924
MES1 Index,Equities,0.924
QC1 Index,Equities,0.925
VG1 Index,Equities,0.925
LC1 Comdty,Agriculture,0.925
JGS1 Index,Equities,0.926
CT1 Comdty,Agriculture,0.927
SFI5 Comdty,STIR,0.929
HC1 Index,Equities,0.930
XP1 Index,Equities,0.932
KC1 Comdty,Agriculture,0.943
CF1 Index,Equities,0.944
NQ1 Index,Equities,0.955
MWE1 Comdty,Agriculture,0.956
DF1 Comdty,Agriculture,0.960
KW1 Comdty,Agriculture,0.961
BO1 Comdty,Agriculture,0.974
W 1 Comdty,Agriculture,0.975
QW1 Comdty,Agriculture,0.977
PL1 Comdty,Metals,0.987
S 1 Comdty,Agriculture,1.001
CC1 Comdty,Agriculture,1.010
CA1 Comdty,Agriculture,1.012
LH1 Comdty,Agriculture,1.014
SB1 Comdty,Agriculture,1.021
QC1 Comdty,Agriculture,1.030
BP1 Curncy,FX,1.031
C 1 Comdty,Agriculture,1.046
XU1 Index,Equities,1.055
HO1 Comdty,Energy,1.075
SM1 Comdty,Agriculture,1.079
XB1 Comdty,Energy,1.085
RS1 Comdty,Agriculture,1.097
NG1 Comdty,Energy,1.125
PA1 Comdty,Metals,1.164
IJ1 Comdty,Agriculture,1.391
