start,group,gross_lag1,gross_lag2,gross_lag3,gross_lag6,gross_lag11,kept_lag2,kept_lag3,kept_lag6,kept_lag11
1990,CUA1,0.8045,0.7496,0.8053,0.9086,1.0372,0.9317,1.0011,1.1294,1.2893
1990,SCO1,0.6209,0.6452,0.6560,0.6216,0.5768,1.0393,1.0566,1.0012,0.9290
1990,tierB(7),2.6910,2.5844,2.5254,2.3194,1.8948,0.9604,0.9385,0.8619,0.7041
1990,liquid_commod(16),5.7006,5.3323,5.1323,4.9502,4.6732,0.9354,0.9003,0.8684,0.8198
1990,other(59),18.2166,17.7737,17.8569,18.6366,18.2131,0.9757,0.9803,1.0231,0.9998
2010,CUA1,1.6287,1.5101,1.6356,1.8824,2.1338,0.9272,1.0042,1.1557,1.3101
2010,SCO1,1.3725,1.4264,1.4502,1.3741,1.2750,1.0393,1.0566,1.0012,0.9290
2010,tierB(7),2.3293,2.1949,2.1622,1.9087,1.5848,0.9423,0.9283,0.8194,0.6804
2010,liquid_commod(16),2.3527,2.0394,2.0939,2.4949,3.4020,0.8669,0.8900,1.0604,1.4460
2010,other(59),6.8562,6.2013,6.1442,7.6475,9.5092,0.9045,0.8962,1.1154,1.3870
