mkt,name,group,start,n_2010,zero_share_2010,zero_share_specific_2010,zero_share_listing,longest_zero_run_listing,longest_zero_run_end,longest_zero_run_2010,longest_zero_run_2010_end,longest_flat_price_run,flat_price_end,repeated_nonzero_returns_2010,ac1_2010,ac1_t_2010,ac1_winsor_2010,ac1_nonzero_2010,ac2_2010,ac1_listing,ac1_2015,ac1_2023,vr5_2010,vr20_2010,kurt_2010,spike_reversals_2010,vol_2010,gross_pnl_2010_pct,gross_pnl_2010_sr,gross_pnl_2010_lag2_pct,lag_cost_2010_pct,gross_pnl_2023_pct,lag_cost_2023_pct,gross_pnl_1990_pct,lag_cost_1990_pct,avg_abs_pos_2010,share_of_total_gross_2010
ES1 Index,S&p_500,Equities,1982-04-21,4311,0.044537,0.0093795,0.026261,3,2001-09-14,2,2011-12-27,3,2001-09-14,0,-0.085798,-5.6334,-0.029703,-0.087215,0.048307,-0.045824,-0.093273,-0.034934,0.90206,0.72336,12.12,3,0.17109,0.23,0.32065,0.23372,-0.0037259,0.27563,-0.056831,0.15892,-0.038638,0.051809,0.015819
NQ1 Index,Nasdaq,Equities,1996-04-10,4311,0.038738,0.003367,0.031547,2,2004-01-20,2,2012-10-30,2,2004-01-20,0,-0.076555,-5.0264,-0.034896,-0.077249,0.021887,-0.051558,-0.093715,-0.058651,0.86321,0.75394,7.2181,2,0.20564,0.34931,0.48432,0.36297,-0.013657,0.21588,-0.051808,0.2703,-0.015676,0.039394,0.024025
RTY1 Index,Rus2000,Equities,1993-02-04,4311,0.020877,0.001443,0.010319,1,2017-09-04,1,2017-09-04,1,2017-09-04,0,-0.073496,-4.8256,-0.034262,-0.075436,0.064079,-0.052772,-0.072073,-0.031736,0.90892,0.81002,7.5265,1,0.22578,-0.051142,-0.080789,-0.02429,-0.026852,-0.12701,-0.10768,0.079701,-0.0039466,0.030249,-0.0035175
DM1 Index,Djia,Equities,1997-10-06,4311,0.039434,0.0040885,0.033711,2,2004-06-01,2,2012-10-30,2,2004-06-01,0,-0.078463,-5.1518,-0.019981,-0.082088,0.06574,-0.074063,-0.09058,-0.012952,0.96523,0.73123,16.951,2,0.16279,0.092312,0.14403,0.10231,-0.01,-0.040797,-0.052688,0.048177,-0.016903,0.048844,0.0063491
MES1 Index,Msci_em,Equities,2009-01-01,4311,0.033403,0.003848,0.031934,1,2009-11-26,1,2010-01-01,1,2009-11-26,0,-0.087883,-5.7703,-0.049598,-0.093645,0.045535,-0.072381,-0.098048,-0.077689,0.8464,0.76604,6.3792,1,0.21678,0.025592,0.046656,0.044034,-0.018442,-0.0051264,-0.038951,0.012146,-0.0078373,0.025097,0.0017602
VG1 Index,Estoxx50,Equities,1998-06-22,4311,0.040594,0.031025,0.039071,3,2001-12-26,3,2012-04-09,3,2001-12-26,0,-0.0078506,-0.51546,-0.0087646,-0.003456,0.0028188,-0.03382,-0.023904,-0.046257,0.97511,0.93048,6.7539,0,0.19904,-0.12269,-0.20583,-0.10227,-0.020421,0.037281,-0.04666,0.049826,-0.0067872,0.031284,-0.0084385
GX1 Index,Dax,Equities,1990-11-23,4311,0.029691,0.019481,0.035499,4,1991-09-05,3,2012-12-26,4,1991-09-05,0,0.0075076,0.49294,0.0017842,0.010056,0.01583,-0.0072941,-0.0251,-0.047478,1.0135,1.0683,6.0479,0,0.19337,-0.084547,-0.13496,-0.060051,-0.024496,-0.015394,-0.072022,0.18046,-0.011066,0.035074,-0.0058151
CF1 Index,Cac,Equities,1988-12-08,4311,0.023428,0.013468,0.032732,4,1999-01-04,3,2024-04-01,4,1999-01-04,0,-0.0041826,-0.27463,-0.0016235,-0.0016493,0.009125,-0.017718,-0.0050663,-0.016148,0.96239,0.87969,7.7522,0,0.19506,-0.19956,-0.32094,-0.18903,-0.010535,-0.51306,-0.030836,-0.015181,-0.022903,0.034894,-0.013726
EO1 Index,Aex,Equities,1988-10-03,4311,0.022733,0.012987,0.0276,2,1989-03-27,2,2010-04-05,2,1989-03-27,0,0.017048,1.1193,0.018138,0.019993,0.016381,-0.0031929,0.0071915,0.015416,1.0133,1.0304,6.997,0,0.17248,-0.042125,-0.065711,-0.050573,0.0084483,0.063996,0.0099011,0.36921,0.004258,0.041183,-0.0028973
Z 1 Index,Ftse100,Equities,1984-05-03,4311,0.035491,0.022126,0.037522,3,1991-04-01,2,2010-04-05,3,1991-04-01,0,0.00076125,0.049983,-0.0089256,0.0010647,-0.0033754,-0.01129,-0.016531,-0.020907,0.96548,0.86143,7.3796,0,0.15465,-0.25695,-0.43462,-0.26851,0.011564,-0.14422,0.047943,-0.10215,-0.006154,0.041421,-0.017673
SM1 Index,Smi,Equities,1998-09-23,4311,0.044073,0.032468,0.043982,4,2019-12-27,4,2019-12-27,4,2019-12-27,0,0.021334,1.4007,0.017523,0.024939,-0.017229,0.0080228,0.0058721,0.016826,1.0071,0.99355,11.158,0,0.1526,-0.028288,-0.044725,-0.061152,0.032864,-0.17948,0.081163,0.14258,0.018417,0.040646,-0.0019456
QC1 Index,Omx30,Equities,1987-01-01,4311,0.044537,0.034873,0.024825,3,2007-12-26,3,2012-12-26,3,2007-12-26,0,-0.073855,-4.8492,-0.072012,-0.074782,0.0039222,-0.006926,-0.077646,-0.043359,0.89046,0.80327,5.451,0,0.18808,0.021847,0.035366,0.040328,-0.018481,0.12478,-0.042053,0.48575,0.01932,0.03555,0.0015026
NO1 Index,Nikkei225,Equities,1986-09-03,4311,0.080492,0.077682,0.040104,6,2019-05-06,6,2019-05-06,6,2019-05-06,0,-0.069597,-4.5696,-0.058339,-0.058701,0.030092,-0.038717,-0.083637,-0.1496,0.86652,0.84878,6.4397,2,0.21918,0.25421,0.36963,0.23405,0.020154,0.75207,0.02225,0.29133,0.018481,0.029045,0.017484
TP1 Index,Topix,Equities,1988-09-05,4311,0.073301,0.071429,0.070987,6,2019-05-06,6,2019-05-06,6,2019-05-06,0,-0.054166,-3.5565,-0.039305,-0.041296,0.02962,-0.037293,-0.07347,-0.14948,0.89658,0.87951,9.2802,1,0.20186,0.21737,0.3093,0.17749,0.039875,0.56968,0.074301,0.40643,0.029564,0.034228,0.01495
XP1 Index,Asx200,Equities,1992-06-01,4311,0.025284,0.016114,0.021011,4,2004-04-14,2,2010-03-12,4,2004-04-14,0,-0.094717,-6.2189,-0.04614,-0.094385,0.017255,-0.043162,-0.12853,-0.061075,0.85037,0.6922,9.2251,2,0.15546,-0.19064,-0.30756,-0.18285,-0.0077907,-0.17468,-0.035156,0.042643,-0.007279,0.04296,-0.013112
PT1 Index,S&p/tsx60,Equities,1999-09-07,4311,0.044769,0.027177,0.044832,2,1999-12-28,2,2010-08-02,2,1999-12-28,0,-0.091422,-6.0026,-0.0029811,-0.089909,0.034646,-0.074626,-0.12032,-0.011419,0.84356,0.71485,31.091,2,0.14973,0.21178,0.34072,0.2033,0.0084798,0.61727,-0.057423,0.20608,-0.0010255,0.051334,0.014566
TWT1 Index,Taiex,Equities,2000-06-19,4311,0.0032475,0.001924,0.0020588,1,2021-01-01,1,2021-01-01,1,2021-01-01,0,-0.011092,-0.72827,0.018492,-0.010634,0.0020497,0.012239,-0.028457,-0.070841,0.87623,0.8747,13.048,0,0.18165,0.28474,0.42624,0.28747,-0.0027354,0.98333,-0.032197,0.18231,0.0035127,0.035933,0.019584
HI1 Index,Hang_seng,Equities,1986-05-06,4311,0.059615,0.049303,0.051507,3,1994-04-05,3,2010-04-06,3,1994-04-05,0,-0.023441,-1.5391,-0.022034,-0.022357,-0.0049785,-0.044987,-0.035233,-0.021849,0.88374,0.91535,5.9983,0,0.21445,-0.0021835,-0.0038577,0.0017948,-0.0039783,-0.083252,-0.011757,0.31305,0.0079412,0.02499,-0.00015018
HC1 Index,Hscei,Equities,2003-12-08,4311,0.059847,0.049303,0.06056,3,2005-02-11,3,2010-04-06,3,2005-02-11,0,-0.0034555,-0.22688,-0.0061468,-0.002112,-0.0058503,0.0010754,-0.015732,-0.050375,0.93932,0.98296,5.0602,0,0.24723,-0.060553,-0.11336,-0.061517,0.00096427,-0.11825,-0.033973,0.077275,0.00020182,0.018934,-0.0041648
XU1 Index,China_a50,Equities,2007-01-02,4311,0.034563,0.031746,0.041029,6,2008-10-03,5,2010-02-19,6,2008-10-03,0,-0.066102,-4.3402,-0.050885,-0.06342,-0.037141,-0.04578,-0.085842,-0.055421,0.83572,0.79247,12.654,1,0.24319,0.0030531,0.0054202,0.0018256,0.0012274,-0.26331,0.022618,0.025764,0.0025616,0.022026,0.00020999
JGS1 Index,Nifty_50,Equities,2000-09-25,4311,0.0090466,0.007696,0.0057949,2,2022-10-26,2,2022-10-26,2,2022-10-26,0,0.0058721,0.38555,0.034225,0.0008995,-0.0060316,0.036681,-0.015681,-0.11252,0.96042,1.017,12.268,0,0.16368,0.059857,0.098826,0.059788,6.8906e-05,-0.3469,0.012472,0.1862,0.0067742,0.038603,0.0041169
TU1 Comdty,Ust_2y,Bonds,1990-06-25,4311,0.092322,0.060366,0.083254,3,1990-09-18,3,2013-04-02,3,1990-09-18,0,-0.0080841,-0.53079,-0.025072,-0.0096333,-0.013559,0.017569,-0.0097682,-0.057836,0.95587,0.9487,13.735,1,0.013277,0.28199,0.42593,0.2522,0.029796,-0.0092266,0.014857,0.86136,0.022293,0.61417,0.019395
FV1 Comdty,Ust_5y,Bonds,1988-05-20,4311,0.050568,0.017316,0.06331,2,1989-02-20,2,2013-09-13,2,1989-02-20,0,-0.022085,-1.4501,-0.025798,-0.022035,-0.028117,0.018163,-0.020805,-0.04485,0.97342,0.9536,3.0543,0,0.034809,0.24303,0.34273,0.22772,0.01531,-0.089638,0.024781,0.58719,0.012651,0.19967,0.016715
TY1 Comdty,Ust_10y,Bonds,1982-05-03,4311,0.055672,0.022367,0.068864,2,1983-01-18,2,2013-03-14,2,1983-01-18,0,-0.025786,-1.693,-0.027452,-0.026222,-0.025046,0.016475,-0.025006,-0.040475,0.96742,0.92836,1.9185,0,0.053813,0.1979,0.29684,0.19366,0.0042341,-0.10513,0.0049119,0.43796,-0.0024633,0.11259,0.013611
UXY1 Comdty,Ust_10y_ultra,Bonds,2016-01-11,2740,0.05073,0.016282,0.05073,2,2017-02-21,2,2017-02-21,2,2017-02-21,0,-0.0077216,-0.40419,-0.012203,-0.0020794,-0.037733,-0.0077216,-0.0077216,-0.026456,0.90551,0.9482,2.4754,0,0.071301,0.10979,0.21807,0.10491,0.0048798,-0.17901,-0.0076492,0.049664,0.0022075,0.04794,0.0075511
US1 Comdty,Ust_bond,Bonds,1977-08-22,4311,0.051264,0.017797,0.080125,3,1978-05-12,2,2013-02-18,3,1978-05-12,0,-0.033686,-2.2118,-0.038896,-0.032799,-0.017656,-0.0036527,-0.027143,-0.015893,0.94324,0.93735,2.1206,0,0.1034,0.20184,0.28349,0.21379,-0.011953,-0.24968,-0.011648,0.31216,-0.011813,0.059416,0.013882
WN1 Comdty,Ust_ultra,Bonds,2010-01-14,4302,0.043003,0.0093976,0.043003,2,2018-11-23,2,2018-11-23,2,2018-11-23,0,-0.018607,-1.2204,-0.028509,-0.017542,-0.038152,-0.018607,-0.016828,-0.0082032,0.92764,0.95793,3.5261,0,0.14192,0.13503,0.2069,0.16887,-0.033841,-0.20769,-0.024059,0.061083,-0.015308,0.039368,0.0092873
DU1 Comdty,Ger_2y,Bonds,1997-03-07,4311,0.087683,0.077201,0.078239,4,2014-07-11,4,2014-07-11,4,2014-07-11,0,-0.0086582,-0.56848,0.020281,-0.0060123,0.0069866,-0.0095441,-0.034584,-0.062473,1.0054,0.88432,15.883,0,0.011406,0.24744,0.34648,0.20812,0.039319,-0.25621,-0.065383,0.29538,0.013736,0.87249,0.017019
OE1 Comdty,Ger_5y,Bonds,1991-10-09,4311,0.048945,0.03824,0.049846,3,1991-12-26,3,2012-12-26,3,1991-12-26,0,-0.0059341,-0.38962,0.004603,-0.0035019,-0.01431,-0.010724,-0.013953,-0.052857,0.97889,0.86531,5.9456,1,0.032904,0.34088,0.43377,0.30215,0.038731,-0.483,-0.03634,0.72887,0.009094,0.26598,0.023445
RX1 Comdty,Ger_10y,Bonds,1988-09-29,4311,0.035955,0.025253,0.043827,5,1991-06-05,3,2012-12-26,5,1991-06-05,0,0.0021756,0.14285,0.0037838,0.005743,-0.016259,0.0064372,-0.0018791,-0.043583,0.98014,0.89225,3.3936,0,0.060815,0.40576,0.51825,0.38908,0.016683,-0.46926,-0.033541,0.6685,0.0096349,0.1246,0.027908
UB1 Comdty,Ger_30y,Bonds,2005-09-12,4311,0.029923,0.019721,0.031463,3,2007-12-26,3,2012-12-26,3,2007-12-26,0,0.01475,0.96846,0.01534,0.016345,-0.0032106,0.028728,0.0039322,-0.024759,1.0345,0.94172,2.9115,0,0.13883,0.41674,0.49998,0.42363,-0.0068915,-0.3298,-0.060653,0.1724,-0.0088966,0.057114,0.028663
G 1 Comdty,Gilt,Bonds,1982-11-18,4311,0.043145,0.029341,0.052516,3,1984-12-26,2,2010-04-05,3,1984-12-26,0,-0.0085516,-0.56148,-0.0081176,-0.0048554,0.0055251,0.0025457,-0.016166,-0.048088,0.97302,0.84139,6.2568,0,0.078405,0.15499,0.23326,0.14826,0.0067341,-0.54037,-0.005712,0.22813,0.0070838,0.077255,0.01066
JB1 Comdty,Jb_10y,Bonds,1985-10-23,4311,0.097889,0.094757,0.0915,17,1999-11-29,6,2019-05-06,17,1999-11-29,0,-0.021276,-1.3969,-0.034246,-0.017661,-0.0060125,0.01702,-0.018679,-0.054803,0.87907,0.82023,12.324,1,0.024606,0.23982,0.32312,0.20847,0.031347,0.086855,0.099317,0.6724,0.007687,0.32862,0.016495
OAT1 Comdty,Oat_10y,Bonds,2012-04-16,3715,0.03607,0.026235,0.03607,3,2012-12-26,3,2012-12-26,3,2012-12-26,0,0.013015,0.7933,0.015051,0.015157,-0.0058171,0.013015,-0.0019774,-0.064178,0.97814,0.93612,4.1057,0,0.060087,0.385,0.54283,0.38455,0.00044284,-0.57073,-0.031444,0.17416,0.00020032,0.10564,0.02648
CN1 Comdty,Can_10y,Bonds,1989-09-15,4311,0.052192,0.034873,0.057048,3,1999-12-28,2,2010-12-28,3,1999-12-28,0,0.010127,0.66492,0.0097797,0.0073361,-0.012492,0.028656,0.021071,-0.014501,1.0399,0.95351,1.7293,0,0.060958,0.03483,0.050927,0.020934,0.013897,-0.48006,0.022861,0.25747,0.0094302,0.10259,0.0023956
XM1 Comdty,Aus_10y,Bonds,1987-09-23,4311,0.053352,0.044493,0.057789,21,1988-04-05,3,2018-04-03,21,1988-04-05,0,-0.040934,-2.6876,-0.033624,-0.045703,-0.01054,-0.058199,-0.027377,-0.036121,0.94257,0.8017,2.1296,0,0.06859,0.11856,0.16725,0.11175,0.0068101,-0.56829,-0.016651,0.36672,-0.0068212,0.086777,0.0081547
IK1 Comdty,Btp_10y,Bonds,2009-09-14,4311,0.034563,0.024772,0.03508,3,2012-12-26,3,2012-12-26,3,2012-12-26,0,0.075234,4.9398,0.073754,0.071113,-0.049353,0.075184,0.04049,-0.045841,0.90824,0.95747,10.34,0,0.092045,0.49323,0.59991,0.47363,0.019604,-0.40463,-0.025249,0.22312,0.0088683,0.09305,0.033924
SFR5 Comdty,Sofr_3m,STIR,2018-05-07,2135,0.13911,0.10792,0.13911,7,2021-01-26,7,2021-01-26,7,2021-01-26,0,0.047331,2.187,0.015872,0.04456,-0.0094029,0.047331,0.047331,-0.045725,1.0429,1.0422,22.548,0,0.011435,0.32816,0.54938,0.26781,0.060355,0.073455,0.014187,0.14845,0.027302,0.39086,0.022571
SFI5 Comdty,Sonia_3m,STIR,2018-06-05,2114,0.12535,0.11242,0.12535,7,2021-03-11,7,2021-03-11,7,2021-03-11,0,0.097359,4.4764,0.063121,0.10403,-0.018577,0.097359,0.097359,0.020089,1.2519,1.255,10.937,0,0.010648,0.22945,0.40313,0.2072,0.022249,-0.86652,0.073069,0.10379,0.010065,0.4476,0.015781
ER4 Comdty,Euribor_3m,STIR,1998-12-10,4311,0.18163,0.17148,0.13367,8,2017-10-06,8,2017-10-06,8,2017-10-06,0,0.050262,3.3001,0.069413,0.054918,0.0055506,0.062728,0.03238,-0.040976,1.0412,1.0474,15.799,1,0.0066603,0.57004,0.78609,0.56515,0.0048918,-0.33863,0.0023989,0.53675,0.015124,1.8738,0.039207
IR4 Comdty,Aus_90d,STIR,1989-06-14,4311,0.16678,0.15801,0.12602,20,2021-01-19,20,2021-01-19,20,2021-01-19,0,0.039793,2.6128,0.05239,0.036993,0.010486,0.04821,0.076506,-0.013738,1.1461,0.98003,13.309,1,0.0088795,0.27493,0.41384,0.26253,0.0124,-0.11066,0.014484,1.0033,0.044925,0.96024,0.018909
EC1 Curncy,Eurusd,FX,1999-01-04,4311,0.03897,0.0050505,0.03663,2,2007-09-03,2,2020-01-21,2,2007-09-03,0,0.011011,0.72295,0.0078907,0.015873,-0.0013092,-0.00028189,0.00078807,-0.0050976,1.0234,0.91038,1.898,0,0.083172,0.33669,0.25248,0.34187,-0.0051766,-0.56827,-0.022409,0.36945,0.0073546,0.15035,0.023157
BP1 Curncy,Gbpusd,FX,1971-09-02,4311,0.040594,0.006734,0.030254,2,1987-04-17,1,2010-01-01,2,1987-04-17,0,0.022783,1.4959,-0.003272,0.018975,-0.017952,0.029261,0.040544,-0.0070077,0.96611,0.88991,12.25,0,0.088454,-0.12122,-0.093766,-0.092047,-0.029176,-0.99485,0.012231,0.0627,-0.020257,0.13468,-0.0083376
SF1 Curncy,Chfusd,FX,1971-09-02,4311,0.043609,0.0098605,0.031023,2,1987-02-17,2,2017-05-30,2,1987-02-17,0,0.038315,2.5157,0.020169,0.030849,0.00057603,0.0082486,0.038433,-0.0058397,1.0702,0.89985,146.4,0,0.099292,-0.31181,-0.21224,-0.38272,0.070915,-0.22296,0.050251,0.11122,0.026599,0.12396,-0.021446
CD1 Curncy,Cadusd,FX,1971-09-02,4311,0.043145,0.0093795,0.036892,3,1987-01-01,3,2013-03-29,3,1987-01-01,0,0.00056962,0.0374,-0.0012242,-0.00087172,-0.012914,-0.001309,0.018322,-0.0087364,0.97213,0.8666,2.2915,0,0.074439,-0.25048,-0.2056,-0.19003,-0.060445,-0.27429,-0.010711,0.16944,-0.014473,0.15137,-0.017227
JY1 Curncy,Jpyusd,FX,1971-09-02,4311,0.040362,0.0064935,0.030045,2,1986-05-27,1,2010-01-01,2,1986-05-27,0,-0.016472,-1.0816,-0.0097598,-0.016498,-0.0077791,-0.00032753,-0.029199,-0.025063,0.95568,0.94456,5.7942,0,0.093552,0.81555,0.52876,0.86062,-0.045072,0.79855,0.021197,0.78298,-0.033649,0.14502,0.056092
AD1 Curncy,Audusd,FX,1978-05-03,4311,0.041522,0.007696,0.035075,2,1987-02-02,2,2017-11-24,2,1987-02-02,0,0.0017048,0.11194,-0.0062777,0.0017243,0.0097032,-0.015237,-0.0067673,-0.0087761,1.0469,0.9395,2.6573,0,0.10671,-0.22721,-0.18113,-0.23095,0.0037332,-0.59584,-0.048286,0.20727,-0.014876,0.11232,-0.015628
NV1 Curncy,Nzdusd,FX,1978-05-03,4311,0.04013,0.006253,0.041677,8,1997-06-04,2,2012-06-01,8,1997-06-04,0,-0.0007601,-0.049907,-0.0076144,-0.0019007,-0.018988,0.00011472,-0.012486,0.035894,1.0392,0.8616,1.6377,0,0.11117,-0.373,-0.31736,-0.3736,0.00059954,-1.1305,-0.014249,0.60513,0.021313,0.098298,-0.025654
SE1 Curncy,Sekusd,FX,1971-09-02,4311,0.04013,0.0060125,0.018795,3,2008-02-20,2,2013-03-29,3,2008-02-20,0,-0.0067498,-0.44318,-0.015961,-0.0064004,-0.0095365,-0.0058172,-0.00086329,0.004034,1.0046,0.88651,1.6313,0,0.10775,0.16853,0.12755,0.11239,0.056148,-0.55739,0.0964,0.53882,0.0047216,0.10986,0.011592
NO1 Curncy,Nokusd,FX,1971-09-02,4311,0.04129,0.007215,0.019215,4,2008-02-26,3,2016-12-28,4,2008-02-26,0,0.010508,0.68991,-0.002118,0.01116,0.0069076,-0.014373,0.0098705,0.015976,1.0922,0.87371,4.8527,0,0.11803,-0.34063,-0.27395,-0.34011,-0.00052243,-1.1982,0.062703,0.32756,-0.0012203,0.098656,-0.023428
PE1 Curncy,Mxnusd,FX,1995-04-25,4311,0.048945,0.015392,0.056483,3,2001-07-04,2,2012-07-04,3,2001-07-04,0,0.023506,1.5434,0.01755,0.02478,-0.016618,0.01162,0.033991,-0.010268,1.013,0.91142,5.6317,0,0.11959,0.13138,0.098411,0.11249,0.018891,0.60093,-0.040139,0.29665,0.022767,0.10784,0.0090363
CL1 Comdty,Wti,Energy,1989-01-05,4311,0.085827,0.052189,0.11117,9,1993-12-31,2,2020-02-18,9,1993-12-31,0,-0.012662,-0.83136,-0.018638,-0.037039,-0.052913,-0.0046897,-0.0088403,-0.020908,0.83535,0.7902,39.61,1,0.41142,-0.14318,-0.090681,-0.12787,-0.015312,-1.1513,0.004924,0.68142,-0.009828,0.042218,-0.009848
CO1 Comdty,Brent,Energy,1988-06-28,4311,0.015542,0.0050505,0.036175,3,1994-04-04,1,2010-01-01,3,1994-04-04,0,-0.0082391,-0.54096,-0.011908,-0.011959,-0.023006,-0.0044856,-0.0070505,-0.016874,0.91193,0.88114,12.359,1,0.36042,0.47655,0.2896,0.49409,-0.017535,-1.2055,-0.034524,0.94212,0.026096,0.046967,0.032777
HO1 Comdty,Nyh_ulsd,Energy,1986-07-03,4311,0.083043,0.049303,0.10467,6,1988-01-08,3,2014-01-02,6,1988-01-08,0,-0.00066508,-0.043668,0.016609,0.006655,-0.0048905,-0.014507,-0.0029268,-0.053957,1.0025,0.98287,9.4152,0,0.3389,0.049828,0.029654,-0.009448,0.059276,-0.62059,0.004927,0.46498,0.019542,0.051343,0.0034271
XB1 Comdty,Gasoline,Energy,2005-10-06,4311,0.083043,0.049543,0.083256,2,2005-11-25,2,2010-01-04,2,2005-11-25,0,-0.0099701,-0.65462,-0.0052243,-0.015195,-0.019192,-0.011872,-0.010411,-0.039836,0.92081,0.93576,25.503,1,0.36736,-0.076166,-0.04683,-0.066734,-0.0094321,-0.76619,-0.14274,0.070109,-0.0011167,0.048971,-0.0052386
QS1 Comdty,Gasoil,Energy,1989-07-06,4311,0.02482,0.01443,0.052087,6,1990-05-14,2,2018-09-21,6,1990-05-14,0,0.017893,1.1749,0.017161,0.019943,0.0056469,0.033304,0.014089,-0.06426,1.0197,1.1548,8.6813,0,0.35804,0.39619,0.2375,0.37509,0.021102,-0.37604,-0.0036972,1.0169,0.041919,0.050048,0.02725
CUA1 Comdty,Ethanol,Energy,2007-09-04,4311,0.16168,0.13083,0.1791,10,2009-01-29,6,2021-12-28,10,2009-01-29,0,0.16937,11.12,0.17704,0.18568,-0.019838,0.15309,0.14484,0.0591,1.2353,1.5203,11.39,0,0.19146,1.6287,0.68984,1.5042,0.12449,-1.4303,0.2683,0.80448,0.057739,0.098986,0.11202
NG1 Comdty,Nat_gas,Energy,1990-04-06,4311,0.041522,0.006253,0.052954,7,1993-12-31,2,2010-11-26,7,1993-12-31,0,-0.029418,-1.9315,-0.045731,-0.032654,0.0037008,-0.011819,-0.024174,-0.002676,1.0208,1.0258,12.258,0,0.55735,0.15416,0.071526,0.13654,0.017615,-0.96347,0.045115,1.169,0.031455,0.038136,0.010603
GC1 Comdty,Gold,Metals,1975-01-07,4311,0.038506,0.0031265,0.052087,3,1985-07-05,1,2010-01-01,3,1985-07-05,0,-0.029557,-1.9406,-0.046952,-0.031391,-0.023528,-0.0213,-0.022539,-0.029793,0.89733,0.87579,7.9023,0,0.17042,1.0744,0.42968,1.0813,-0.0069618,4.1769,0.26181,0.94582,0.057708,0.11968,0.073893
HG1 Comdty,Copper,Metals,1988-12-09,4311,0.041522,0.006253,0.047216,3,1991-07-08,2,2012-10-10,3,1991-07-08,0,-0.037028,-2.4312,-0.03726,-0.037883,-0.00098426,-0.059889,-0.045748,-0.090466,0.97292,0.842,14.27,0,0.23966,-0.12252,-0.059864,-0.19479,0.072264,-0.69369,0.19803,0.42764,0.035192,0.072907,-0.0084269
SI1 Comdty,Silver,Metals,1975-01-07,4311,0.037578,0.0021645,0.049929,3,1992-11-26,1,2010-01-01,3,1992-11-26,0,-0.044203,-2.9023,-0.056894,-0.046323,0.012033,-0.01262,-0.045014,-0.073185,0.89965,0.86699,16.724,0,0.33593,0.27917,0.12356,0.16228,0.11689,1.3046,0.12069,0.052122,0.078895,0.061173,0.019201
PL1 Comdty,Platinum,Metals,1986-04-04,4311,0.039434,0.0040885,0.046069,3,1989-07-04,2,2010-06-01,3,1989-07-04,0,-0.031033,-2.0375,-0.021808,-0.03546,0.018685,0.0057915,-0.043381,-0.11332,0.97312,0.81887,8.5875,0,0.27831,-0.41287,-0.21674,-0.52528,0.11241,0.096765,-0.01418,0.097401,0.054271,0.064954,-0.028397
PA1 Comdty,Palladium,Metals,1986-04-04,4311,0.036186,0.0007215,0.05178,7,1986-04-24,2,2024-02-19,7,1986-04-24,0,0.037764,2.4795,0.025835,0.030218,-0.022546,0.058401,0.028606,-0.065594,1.0561,0.88552,9.7271,0,0.36978,0.53333,0.20562,0.32125,0.21207,-0.40856,0.15706,1.7086,0.18586,0.065698,0.036682
SCO1 Comdty,Tsi_iron_ore,Metals,2016-01-06,2743,0.027707,0.021936,0.027707,3,2018-08-30,3,2018-08-30,3,2018-08-30,0,0.057953,3.0352,0.069622,0.056845,0.031126,0.057953,0.057953,0.039351,1.1342,1.2505,9.6625,0,0.23349,1.3725,0.72173,1.4489,-0.07642,-1.9172,-0.067477,0.62086,-0.034569,0.061908,0.094399
C 1 Comdty,Corn,Agriculture,1959-07-06,4311,0.050336,0.015392,0.077495,4,1964-12-29,2,2012-05-28,4,1964-12-29,0,0.022129,1.4529,0.014639,0.029738,-0.03158,0.041558,0.017877,-0.006514,1.065,1.0859,2.7332,0,0.24426,0.11337,0.15446,0.097857,0.015517,0.4368,0.03006,0.24165,0.032811,0.02806,0.0077978
W 1 Comdty,Wheat_chicagoe,Agriculture,1959-07-06,4311,0.047553,0.012506,0.061538,3,1960-05-31,2,2015-01-19,3,1960-05-31,0,0.016014,1.0514,0.017369,0.023473,-0.018398,0.013162,0.020474,0.021919,0.97641,0.92414,2.0586,0,0.30136,-0.006559,-0.0088325,-0.037325,0.030766,-0.075698,0.0032775,0.14962,0.015311,0.024072,-0.00045112
KW1 Comdty,Wheat_kansas,Agriculture,1973-01-04,4311,0.046857,0.011785,0.057871,3,1983-01-11,2,2012-08-07,3,1983-01-11,0,0.024535,1.6109,0.026511,0.033672,0.004524,0.035565,0.030786,-0.0084477,1.0094,0.95617,1.3913,0,0.2884,-0.005773,-0.0083643,-0.027872,0.022099,0.050882,-0.0091744,0.22707,0.013874,0.022889,-0.00039706
MWE1 Comdty,Wheat_minneapolis,Agriculture,1988-12-09,4311,0.048713,0.013709,0.054151,3,1991-12-02,2,2023-01-16,3,1991-12-02,0,0.059119,3.8816,0.066408,0.06478,-0.0063679,0.060925,0.059884,0.080268,1.0999,1.0288,2.3626,0,0.23562,0.24229,0.32292,0.21491,0.02738,0.40611,0.064796,0.52096,0.016345,0.031323,0.016664
CA1 Comdty,Wheat_mil,Agriculture,2007-01-04,4311,0.064718,0.055315,0.07011,3,2007-12-27,3,2026-04-07,3,2007-12-27,0,0.026332,1.7289,0.055916,0.02692,-0.016571,0.045049,0.013298,-0.041013,1.0221,1.2109,6.894,1,0.2298,0.46482,0.58258,0.42814,0.036683,1.1348,0.01324,0.2351,0.017641,0.035352,0.03197
S 1 Comdty,Soybeans,Agriculture,1959-07-06,4311,0.046625,0.011544,0.05519,3,1968-02-14,1,2010-01-01,3,1968-02-14,0,0.0022772,0.14952,0.0063689,0.014563,0.0087834,0.026562,0.006584,0.020567,1.0136,1.0449,2.5515,0,0.19984,0.073121,0.10343,0.069413,0.0037081,-0.142,0.030204,0.093955,0.023707,0.02967,0.0050292
SM1 Comdty,Soyb_meal,Agriculture,1964-01-06,4311,0.042682,0.0074555,0.056101,3,1969-04-02,2,2020-01-20,3,1969-04-02,0,-0.00054452,-0.035752,0.0036258,0.0026917,0.0078289,0.033948,0.0018281,0.0081459,1.004,1.1211,1.8034,0,0.23808,-0.009882,-0.014267,-0.023661,0.013779,-0.30242,0.040691,-0.0037991,0.036437,0.026646,-0.00067967
BO1 Comdty,Soyb_oil,Agriculture,1964-01-06,4311,0.047321,0.012266,0.055365,3,1965-04-19,2,2017-07-05,3,1965-04-19,0,0.057286,3.7613,0.04961,0.059189,0.0050962,0.050616,0.076761,0.074529,1.0431,1.0957,2.025,0,0.23817,0.042574,0.06355,0.018889,0.023685,-0.46013,0.027254,0.024404,0.03075,0.025928,0.0029282
RS1 Comdty,Canola,Agriculture,1982-01-06,4311,0.0508,0.032708,0.0527,4,2018-12-28,4,2018-12-28,4,2018-12-28,0,0.069874,4.5878,0.067103,0.074014,0.021904,0.067044,0.073729,-0.049752,1.1422,1.1204,2.5042,0,0.19395,0.29576,0.42116,0.27489,0.02087,-0.18502,-0.037308,0.3809,0.01676,0.035778,0.020342
IJ1 Comdty,Rapeseed,Agriculture,2007-01-04,4311,0.047785,0.03848,0.050079,3,2015-04-07,3,2015-04-07,3,2015-04-07,0,-0.010347,-0.67938,0.070959,-0.013071,-0.0073726,0.012767,-0.044941,-0.097556,0.91163,0.89727,25.05,1,0.20337,0.189,0.26978,0.15364,0.035351,-0.27917,0.012932,0.10145,0.02195,0.036195,0.012999
LC1 Comdty,Live_cattle,Agriculture,1972-01-05,4311,0.047785,0.012747,0.05913,3,1998-07-07,2,2010-09-06,3,1998-07-07,0,0.055604,3.6508,0.044917,0.05746,-0.022004,0.050074,0.055104,-0.010267,1.058,0.94892,2.3944,0,0.15554,0.20467,0.28709,0.1946,0.010069,0.68135,-0.011696,0.22634,0.001568,0.039929,0.014077
LH1 Comdty,Lean_hogs,Agriculture,1996-01-01,4311,0.047321,0.012266,0.048462,2,1996-09-24,2,2011-02-22,2,1996-09-24,0,0.10389,6.8212,0.076796,0.10559,0.035016,0.098187,0.10845,0.021956,1.3503,1.7914,3.5079,0,0.25236,0.33647,0.45237,0.28005,0.056424,0.47032,0.046799,0.45472,0.047736,0.02841,0.023142
FC1 Comdty,Feeder_cattle,Agriculture,1978-01-05,4311,0.047089,0.012025,0.061705,9,1990-11-28,2,2021-04-02,9,1990-11-28,0,0.073491,4.8253,0.058105,0.080009,-0.015355,0.076953,0.059166,-0.004949,1.0986,0.96503,3.0126,0,0.15199,0.52048,0.72461,0.49123,0.02925,1.1027,0.045944,0.70944,0.033046,0.041728,0.035798
SB1 Comdty,Sugar_#11,Agriculture,1972-01-05,4311,0.05312,0.018278,0.063278,4,1990-12-25,2,2014-01-21,4,1990-12-25,0,0.0017688,0.11614,0.0020507,-0.0031718,-0.012997,-0.0048772,0.015466,0.019279,0.95175,1.0468,2.1028,0,0.29428,0.13939,0.19913,0.10647,0.032913,-0.41951,0.017658,0.15996,0.017621,0.021591,0.0095868
QW1 Comdty,White_sugar,Agriculture,1989-01-16,4311,0.038506,0.024531,0.053272,5,1991-04-03,2,2010-04-05,5,1991-04-03,0,0.016257,1.0674,0.020699,0.016459,-0.00029591,0.030305,0.014196,-0.028291,0.95039,1.0682,1.7302,0,0.24189,-0.0024563,-0.0035706,-0.029303,0.026847,-0.43635,-0.042685,0.21246,0.023497,0.02454,-0.00016894
KC1 Comdty,Coffee_c,Agriculture,1972-08-21,4311,0.044537,0.0093795,0.052489,21,1988-11-29,2,2016-09-05,21,1988-11-29,0,-0.034805,-2.2852,-0.032041,-0.036637,0.01747,0.0054543,-0.030775,-0.10136,0.87526,0.88037,2.4854,0,0.33367,0.10378,0.14004,0.080729,0.023051,0.34443,0.063092,0.055195,0.015916,0.020047,0.0071379
DF1 Comdty,Robusta,Agriculture,2008-01-17,4311,0.057759,0.044252,0.057238,4,2010-04-05,4,2010-04-05,4,2010-04-05,0,0.026895,1.7659,0.02231,0.028431,0.019224,0.022722,-0.013387,-0.021717,1.0101,0.99732,2.3229,0,0.26566,0.14072,0.20412,0.092869,0.047848,0.59805,0.071032,0.068496,0.022208,0.022246,0.0096784
CC1 Comdty,Cocoa,Agriculture,1965-01-06,4311,0.047553,0.012506,0.061378,3,1968-07-05,3,2022-04-15,3,1968-07-05,0,-0.02058,-1.3513,-0.011833,-0.01995,0.03419,0.01265,-0.03901,-0.052555,1.0072,0.93796,6.5504,0,0.34253,0.10021,0.14883,0.081997,0.018216,1.3907,-0.024505,-0.0041511,0.017112,0.019795,0.0068925
QC1 Comdty,London_cocoa,Agriculture,1989-01-06,4311,0.046161,0.032708,0.058553,3,1990-12-26,2,2010-04-05,3,1990-12-26,0,0.027669,1.8167,0.041552,0.038202,0.047532,0.035675,0.015579,-2.8481e-05,1.098,0.99957,10.331,1,0.3099,0.22707,0.30502,0.17648,0.050585,1.3818,-0.025347,0.10931,0.048483,0.023766,0.015617
CT1 Comdty,Cotton #2,Agriculture,1967-06-19,4311,0.038506,0.0031265,0.050227,5,2001-09-14,2,2011-12-26,5,2001-09-14,0,0.080034,5.2549,0.076514,0.081255,-0.012206,0.053907,0.037359,0.037794,1.0687,1.0117,1.1224,0,0.25465,0.21161,0.30407,0.21825,-0.0066431,0.47484,-0.022081,0.29805,0.0042343,0.025991,0.014554
