capital,selection,n,SR_2010,SR_2015,SR_2023-07,same_as_audit,markets
100000.0000,audit_subset,14,0.3900,0.2896,0.3931,True,C 1 Comdty|JY1 Curncy|GC1 Comdty|NO1 Index|NG1 Comdty|DU1 Comdty|W 1 Comdty|BP1 Curncy|VG1 Index|SFR5 Comdty|S 1 Comdty|AD1 Curncy|CF1 Index|EC1 Curncy
100000.0000,reproduced_hindsight,14,0.3900,0.2896,0.3931,True,C 1 Comdty|JY1 Curncy|GC1 Comdty|NO1 Index|NG1 Comdty|DU1 Comdty|W 1 Comdty|BP1 Curncy|VG1 Index|SFR5 Comdty|S 1 Comdty|AD1 Curncy|CF1 Index|EC1 Curncy
100000.0000,ex_ante_2023,15,0.3667,0.3071,0.3288,False,NO1 Index|GC1 Comdty|JY1 Curncy|C 1 Comdty|SFR5 Comdty|CL1 Comdty|VG1 Index|BP1 Curncy|S 1 Comdty|ER4 Comdty|CF1 Index|AD1 Curncy|W 1 Comdty|DU1 Comdty|EC1 Curncy
250000.0000,audit_subset,24,0.4022,0.2877,-0.3379,True,C 1 Comdty|JY1 Curncy|GC1 Comdty|NO1 Index|NG1 Comdty|DU1 Comdty|W 1 Comdty|BP1 Curncy|HG1 Comdty|VG1 Index|CL1 Comdty|SFR5 Comdty|S 1 Comdty|AD1 Curncy|CF1 Index|ER4 Comdty|RS1 Comdty|EC1 Curncy|DM1 Index|SFI5 Comdty|SB1 Comdty|PE1 Curncy|RTY1 Index|TP1 Index
250000.0000,reproduced_hindsight,24,0.4022,0.2877,-0.3379,True,C 1 Comdty|JY1 Curncy|GC1 Comdty|NO1 Index|NG1 Comdty|DU1 Comdty|W 1 Comdty|BP1 Curncy|HG1 Comdty|VG1 Index|CL1 Comdty|SFR5 Comdty|S 1 Comdty|AD1 Curncy|CF1 Index|ER4 Comdty|RS1 Comdty|EC1 Curncy|DM1 Index|SFI5 Comdty|SB1 Comdty|PE1 Curncy|RTY1 Index|TP1 Index
250000.0000,ex_ante_2023,24,0.3540,0.3022,-0.1710,False,NO1 Index|GC1 Comdty|JY1 Curncy|C 1 Comdty|SFR5 Comdty|CL1 Comdty|VG1 Index|HG1 Comdty|BP1 Curncy|S 1 Comdty|ER4 Comdty|NG1 Comdty|CF1 Index|AD1 Curncy|W 1 Comdty|DU1 Comdty|TP1 Index|EC1 Curncy|RS1 Comdty|SFI5 Comdty|RTY1 Index|PE1 Curncy|TU1 Comdty|EO1 Index
1000000.0000,audit_subset,40,0.3833,0.3176,-0.1336,True,C 1 Comdty|JY1 Curncy|GC1 Comdty|NO1 Index|NG1 Comdty|DU1 Comdty|W 1 Comdty|BP1 Curncy|HG1 Comdty|VG1 Index|CL1 Comdty|SFR5 Comdty|S 1 Comdty|AD1 Curncy|CF1 Index|ER4 Comdty|RS1 Comdty|EC1 Curncy|DM1 Index|SFI5 Comdty|SB1 Comdty|PE1 Curncy|RTY1 Index|TU1 Comdty|CT1 Comdty|CD1 Curncy|TP1 Index|FV1 Comdty|LH1 Comdty|NV1 Curncy|ES1 Index|OE1 Comdty|KW1 Comdty|GX1 Index|UXY1 Comdty|LC1 Comdty|EO1 Index|TY1 Comdty|QW1 Comdty|NQ1 Index
1000000.0000,reproduced_hindsight,40,0.3833,0.3176,-0.1336,True,C 1 Comdty|JY1 Curncy|GC1 Comdty|NO1 Index|NG1 Comdty|DU1 Comdty|W 1 Comdty|BP1 Curncy|HG1 Comdty|VG1 Index|CL1 Comdty|SFR5 Comdty|S 1 Comdty|AD1 Curncy|CF1 Index|ER4 Comdty|RS1 Comdty|EC1 Curncy|DM1 Index|SFI5 Comdty|SB1 Comdty|PE1 Curncy|RTY1 Index|TU1 Comdty|CT1 Comdty|CD1 Curncy|TP1 Index|FV1 Comdty|LH1 Comdty|NV1 Curncy|ES1 Index|OE1 Comdty|KW1 Comdty|GX1 Index|UXY1 Comdty|LC1 Comdty|EO1 Index|TY1 Comdty|QW1 Comdty|NQ1 Index
1000000.0000,ex_ante_2023,38,0.3864,0.2962,-0.1940,False,NO1 Index|GC1 Comdty|JY1 Curncy|C 1 Comdty|SFR5 Comdty|CL1 Comdty|VG1 Index|HG1 Comdty|BP1 Curncy|S 1 Comdty|ER4 Comdty|NG1 Comdty|CF1 Index|SI1 Comdty|AD1 Curncy|W 1 Comdty|DU1 Comdty|QS1 Comdty|TP1 Index|EC1 Curncy|RS1 Comdty|SFI5 Comdty|RTY1 Index|PE1 Curncy|QW1 Comdty|TU1 Comdty|EO1 Index|CD1 Curncy|DF1 Comdty|FV1 Comdty|GX1 Index|NV1 Curncy|LH1 Comdty|OE1 Comdty|DM1 Index|SB1 Comdty|TY1 Comdty|ES1 Index
