series,start,1,2,delta
sub_1000k,1990,1.009,0.979,-0.029999999999999916
sub_1000k,2000,0.702,0.673,-0.028999999999999915
sub_1000k,2010,0.383,0.357,-0.026000000000000023
sub_1000k,2015,0.318,0.281,-0.03699999999999998
sub_100k,1990,0.734,0.713,-0.02100000000000002
sub_100k,2000,0.559,0.539,-0.020000000000000018
sub_100k,2010,0.39,0.375,-0.015000000000000013
sub_100k,2015,0.29,0.263,-0.02699999999999997
v5_84,1990,1.182,1.121,-0.06099999999999994
v5_84,2000,0.853,0.789,-0.06399999999999995
v5_84,2010,0.546,0.482,-0.06400000000000006
v5_84,2015,0.39,0.326,-0.064
