tier,scen,sr,vol,pre_med,at_med,at_p10,at_p90,P_loss,dd_med,dd_p10,critic_pre_med,critic_at_med,critic_P_loss,critic_dd_med
100k,pess,0.0,0.214,-0.013962986170691472,-0.02320473575773857,-0.11433218942297882,0.06278820227246797,0.6225,-0.620597499437514,-0.8070783348786861,-0.0151,-0.0232,0.619,-0.609
100k,pess,0.0,0.12,0.0016870224506448928,-0.005016196541861695,-0.057381978772085986,0.04131559722353741,0.5485,-0.39867712142920814,-0.5766306931314571,0.0009,-0.0049,0.541,-0.386
100k,central,0.2,0.214,0.029157932809826925,0.013183527827159036,-0.07698384360970086,0.09719540762045657,0.419,-0.5548363225990969,-0.7462846927625306,0.0279,0.013300000000000001,0.41600000000000004,-0.54
100k,central,0.2,0.12,0.026017680615533223,0.014714817596757634,-0.03549935378166961,0.05962008425104639,0.34325,-0.34757408942741724,-0.5129643082696123,0.0252,0.0146,0.345,-0.33299999999999996
100k,opt,0.4,0.214,0.07415705620040725,0.0482069849003216,-0.03939898558003292,0.13307788618188657,0.23775,-0.49780697403343854,-0.6825401862248436,0.0729,0.0478,0.23199999999999998,-0.47700000000000004
100k,opt,0.4,0.12,0.050937003602467,0.03337549022945996,-0.01379285744219778,0.07843124501004868,0.17625,-0.3061288674703954,-0.4519871799074694,0.0501,0.0332,0.174,-0.29
250k,pess,0.03,0.214,-0.003733199972961454,-0.014165344606777042,-0.1053558649760799,0.07096096498023294,0.575,-0.6043578191210149,-0.7927613572694817,-0.0049,-0.013999999999999999,0.57,-0.591
250k,pess,0.03,0.12,0.009227961265741436,0.0013230196382947312,-0.05069379457396426,0.046887048174364995,0.48425,-0.38149302296337634,-0.5565711251441104,0.0085,0.0014000000000000002,0.486,-0.369
250k,central,0.24,0.214,0.04206078949500236,0.023348923299493674,-0.06601512523077009,0.1073480432157525,0.362,-0.536739962442641,-0.7286410843135378,0.0408,0.0233,0.36,-0.521
250k,central,0.24,0.12,0.03498217958153338,0.021619940058384413,-0.02753854613508234,0.06635601851425617,0.28125,-0.3322038954767238,-0.4909904019072207,0.0342,0.0216,0.27399999999999997,-0.316
250k,opt,0.43,0.214,0.0852973831483923,0.05631543126423777,-0.02996192473519872,0.14174301503358278,0.196,-0.48500465172065726,-0.6668115454371534,0.084,0.056100000000000004,0.191,-0.46399999999999997
250k,opt,0.43,0.12,0.05884724771656713,0.03906596070435664,-0.007617345812913287,0.08429219695097652,0.13425,-0.29595406809513186,-0.4358080944963878,0.0581,0.0391,0.135,-0.278
1M,pess,0.05,0.214,0.0027441172877059605,-0.008512347943758103,-0.0996802331325106,0.0759829673402793,0.5455,-0.5950511994719765,-0.7833138139933451,0.0016,-0.0083,0.539,-0.58
1M,pess,0.05,0.12,0.013881022376097008,0.005055619754870233,-0.046437659047979384,0.050415290255178095,0.444,-0.3714053472630393,-0.5435187440440175,0.0131,0.005,0.44299999999999995,-0.358
1M,central,0.27,0.214,0.05108134417296628,0.030797531420152624,-0.05794911190775802,0.11474342601582138,0.32425,-0.5257014771239992,-0.7138761346671066,0.049800000000000004,0.0304,0.322,-0.507
1M,central,0.27,0.12,0.04100181598110075,0.026048048213149433,-0.022551448961774734,0.07086952035385409,0.24125,-0.3219730361608019,-0.4756634033183164,0.04019999999999999,0.026099999999999998,0.23399999999999999,-0.306
1M,opt,0.47,0.214,0.0970352598110723,0.06495470629895594,-0.020958369039364343,0.1508281147604831,0.16025,-0.47206689463737816,-0.6510484385983946,0.09570000000000001,0.065,0.16,-0.452
1M,opt,0.47,0.12,0.06628364359259387,0.044485107389270695,-0.0017999131076617682,0.08972938797506966,0.10725,-0.2861900307670502,-0.42124833203860146,0.0655,0.0444,0.102,-0.268
