case,tier,vol,scen,fixed_set,horizon,mine_med,theirs_med,d_med_pt,d_p10_pt,d_p90_pt,d_Ploss,d_Pcash,d_dd,d_dd10,d_real,d_touch,old_pre_med,d_vs_old_pre_pt
a/b DIY v5 subset,100k,0.214,central,ibg150,5,0.03718013805099163,0.0371801391174633,-1.066471667920954e-07,-4.3012978317991113e-07,2.1986877873914068e-07,0.0,0.0,5.329389929364936e-09,-1.8118885281026564e-09,-1.045560273776891e-09,0.0,,
a/b DIY v5 subset,100k,0.214,central,ibg150,10,0.03777201870663127,0.0377720175696325,1.1369987729104025e-07,-1.9657116628879479e-07,1.0350667822844883e-07,0.0,0.0,-3.3603314575358922e-09,5.857304641310179e-10,1.1147047764004103e-09,0.0,,
a/b DIY v5 subset,100k,0.214,pess,ibg400,5,-0.009361034485345532,-0.0093610345667322,8.13866682380926e-09,-4.1415743473605104e-07,2.760682543678783e-07,0.0,0.0,-1.3291684419769467e-10,1.2432443963206197e-09,7.979087529585982e-11,0.0,,
a/b DIY v5 subset,100k,0.214,pess,ibg400,10,-0.009324941796829078,-0.0093249416274355,-1.6939357902479024e-08,-1.4268945747186734e-07,-9.613564527777285e-08,0.0,0.0,1.1213913131413733e-09,4.509855600076662e-09,-1.6607216296593563e-10,0.0,,
a/b DIY v5 subset,100k,0.214,central,ibg400,5,0.03466983829681858,0.0346698382832681,1.3550480182367153e-09,1.9387157018657675e-07,2.3138197191574505e-07,0.0,0.0,-2.7883647613080598e-09,1.5385104301657293e-10,1.32848437112143e-11,0.0,,
a/b DIY v5 subset,100k,0.214,central,ibg400,10,0.03545845736656794,0.0354584584414569,-1.0748889556211338e-07,-1.1827864035418578e-07,4.747279236383406e-08,0.0,0.0,-4.26081142590462e-09,1.5224674854152909e-09,-1.053812573661994e-09,0.0,,
a/b DIY v5 subset,100k,0.214,opt,ibg400,5,0.08058466014083399,0.0805846591902434,9.505905923523628e-08,2.0203255526873853e-07,1.832455798211896e-07,0.0,0.0,1.0778422598889392e-10,1.2426745188420796e-09,9.31951488203353e-10,0.0,,
a/b DIY v5 subset,100k,0.214,opt,ibg400,10,0.08179519861871665,0.0817951991829755,-5.6425884797928205e-08,-1.51421872002927e-07,-3.382868984935783e-08,0.0,0.0,2.6084040483098647e-10,-1.2705003715751673e-10,-5.531950175718947e-10,0.0,,
a/b DIY v5 subset,100k,0.214,central,ibg1000,5,0.028484746142058204,0.0284847442707573,1.8713009024284855e-07,-1.2417040173851035e-07,3.3709698921136066e-08,0.0,0.0,-1.0234854075363842e-09,-8.309494203828649e-10,1.834608501574686e-09,0.0,,
a/b DIY v5 subset,100k,0.214,central,ibg1000,10,0.029657172204933913,0.0296571717995272,4.054067116732174e-08,3.4691102074324576e-08,1.6460149493413567e-07,0.0,0.0,9.057307126525416e-10,-2.8931470552606697e-09,3.97457644921162e-10,0.0,,
a/b DIY v5 subset,100k,0.214,pess,prev_500_625_1000,5,-0.010459724317798846,-0.0104597238681893,-4.4960954577455414e-08,-4.150259344526397e-07,2.2943554833787516e-07,0.0,0.0,-1.2775470681347656e-09,2.909255503169561e-09,-4.407935891292958e-10,0.0,-0.0104597238681893,-4.4960954577455414e-08
a/b DIY v5 subset,100k,0.214,pess,prev_500_625_1000,10,-0.010430464189633282,-0.0104304630110472,-1.1785860811602822e-07,-1.2225434137258517e-07,3.849644616971126e-07,0.0,0.0,5.67489699676571e-09,-1.121453019337082e-08,-1.1554766067567446e-09,0.0,-0.0104304630110472,-1.1785860811602822e-07
a/b DIY v5 subset,100k,0.214,central,prev_500_625_1000,5,0.03372312717991022,0.0337231251401273,2.0397829189611194e-07,-4.3272564420604454e-07,2.879208926831467e-07,0.0,0.0,1.4177089502354079e-09,-1.9103936210740358e-09,1.999787356543603e-09,0.0,0.0337231251401273,2.0397829189611194e-07
a/b DIY v5 subset,100k,0.214,central,prev_500_625_1000,10,0.03451203362842059,0.0345120336946254,-6.620481246555343e-09,-1.4920498170312158e-07,-1.0033165132039557e-07,0.0,0.0,1.8158376469123994e-09,-2.8161482035216068e-09,-6.490684899274068e-11,0.0,0.0345120336946254,-6.620481246555343e-09
a/b DIY v5 subset,100k,0.214,opt,prev_500_625_1000,5,0.07963627779663895,0.0796362779782636,-1.816246458785642e-08,-4.51196863204828e-07,2.4134223786109743e-07,0.0,0.0,-1.0314714637971178e-09,3.4579522023570064e-09,-1.7806348756588264e-10,0.0,0.0796362779782636,-1.816246458785642e-08
a/b DIY v5 subset,100k,0.214,opt,prev_500_625_1000,10,0.08100745065036719,0.081007450714204,-6.383681083743653e-09,-1.3490282961894917e-07,7.373438526414589e-08,0.0,0.0,-8.770344450681478e-09,-4.797477193285715e-09,-6.258502049938386e-11,0.0,0.081007450714204,-6.383681083743653e-09
a/b DIY v5 subset,100k,0.12,central,ibg150,5,0.023964884832156197,0.023964885899018,-1.0668618037612543e-07,-1.8897507864101826e-07,-2.551908087622401e-07,0.0,0.0,-2.857508896170202e-09,-1.75486619680143e-09,-1.0459427941811317e-09,0.0,,
a/b DIY v5 subset,100k,0.12,central,ibg150,10,0.02446552248779743,0.0244655227883464,-3.005489676577433e-08,-1.4358378895573676e-07,-1.0112489456925999e-07,0.0,0.0,2.1071601685740404e-09,-2.3092974754668205e-09,-2.946558726180104e-10,0.0,,
a/b DIY v5 subset,100k,0.12,pess,ibg400,5,-0.003061596378922893,-0.0030615964589018,7.997890717759137e-09,-6.044595379783857e-09,-2.81601365836881e-07,0.0,0.0,2.467341886358554e-10,5.644508194180275e-10,7.841068766500925e-11,0.0,,
a/b DIY v5 subset,100k,0.12,pess,ibg400,10,-0.0028483284700647205,-0.0028483275992959,-8.707688203303532e-08,-2.1310279929576126e-09,-2.473947192938031e-07,0.0,0.0,-3.894182976083016e-09,-2.282867228586838e-09,-8.536947711246246e-10,0.0,,
a/b DIY v5 subset,100k,0.12,central,ibg400,5,0.021528122983400677,0.0215281243149439,-1.3315432229044077e-07,-6.10256636890405e-09,-2.882011254645711e-07,0.0,0.0,2.3585102204570774e-09,1.0378566894786445e-09,-1.3054346208619255e-09,0.0,,
a/b DIY v5 subset,100k,0.12,central,ibg400,10,0.02209581210334355,0.0220958115973685,5.05975050052454e-08,-7.891687997529928e-09,-3.5158815026026247e-07,0.0,0.0,-1.1220477880158342e-09,-2.6601237879120276e-09,4.960539448824186e-10,0.0,,
a/b DIY v5 subset,100k,0.12,opt,ibg400,5,0.04667076361082301,0.0466707645910083,-9.801852940416467e-08,-6.169134300626489e-09,-6.237482474968914e-08,0.0,0.0,-7.407743307652481e-10,2.3044122166027137e-10,-9.609660324427782e-10,0.0,,
a/b DIY v5 subset,100k,0.12,opt,ibg400,10,0.04758657323438298,0.0475865736742918,-4.399088246453964e-08,-4.751584138087614e-08,-7.194954354527994e-09,0.0,0.0,-5.084085652473647e-10,1.9834648923300335e-09,-4.312831133890249e-10,0.0,,
a/b DIY v5 subset,100k,0.12,central,ibg1000,5,0.015614872137701519,0.0156148727295611,-5.918595804427218e-08,-1.116547319879313e-07,-2.2256694404143573e-07,0.0,0.0,-3.88621554381352e-09,-1.9335055778668675e-09,-5.802547487637755e-10,0.0,,
a/b DIY v5 subset,100k,0.12,central,ibg1000,10,0.015989812297315886,0.0159898140162584,-1.7189425126351576e-07,1.497657213522796e-07,-1.6915367995196107e-07,0.0,0.0,-2.665825504788444e-09,-4.121304575388507e-09,-1.6852378876067164e-09,0.0,,
a/b DIY v5 subset,100k,0.12,pess,prev_500_625_1000,5,-0.004104853336640901,-0.0041048531230594,-2.135815014431275e-08,-6.784191264319617e-09,-2.744766885998118e-07,0.0,0.0,-2.690794531634566e-09,2.1686108464535891e-10,-2.0939356151772337e-10,0.0,-0.0041048531230594,-2.135815014431275e-08
a/b DIY v5 subset,100k,0.12,pess,prev_500_625_1000,10,-0.004012149446811164,-0.0040121483121387,-1.1346724636263072e-07,-7.938894402981234e-08,-2.291838926971046e-07,0.0,0.0,-1.982651987031403e-09,-1.2846051999915176e-09,-1.1124239897297716e-09,0.0,-0.0040121483121387,-1.1346724636263072e-07
a/b DIY v5 subset,100k,0.12,central,prev_500_625_1000,5,0.020524858755998632,0.0205248597126701,-9.566714677389232e-08,-6.8181071899431345e-09,-2.8092191489692553e-07,0.0,0.0,2.328259390838028e-09,7.051909056698946e-10,-9.379130518029008e-10,0.0,0.0205248597126701,-9.566714677389232e-08
a/b DIY v5 subset,100k,0.12,central,prev_500_625_1000,10,0.021129515937352905,0.0211295168274507,-8.900977940817789e-08,-8.539097900994719e-09,-2.4149906935333476e-07,0.0,0.0,-1.9698244146937327e-09,1.5952892340465041e-09,-8.726448704268752e-10,0.0,0.0211295168274507,-8.900977940817789e-08
a/b DIY v5 subset,100k,0.12,opt,prev_500_625_1000,5,0.04572695277823313,0.0457269526945965,8.363663234201013e-09,-6.863541332502443e-09,-2.8754166131461645e-07,0.0,0.0,5.55604728891268e-11,-6.961732579302549e-09,8.199683293463877e-11,0.0,0.0457269526945965,8.363663234201013e-09
a/b DIY v5 subset,100k,0.12,opt,prev_500_625_1000,10,0.046654992556580344,0.046654992870889,-3.1430865549131326e-08,-3.924575783711276e-08,-2.35882875732063e-07,0.0,0.0,-6.411329800393162e-11,-6.967103061139568e-09,-3.0814575543991474e-10,0.0,0.046654992870889,-3.1430865549131326e-08
a/b DIY v5 subset,250k,0.214,central,ibg150,5,0.0504050479654119,0.050405048063414,-9.8002099491179e-09,1.5632230926376778e-07,-4.817662491163333e-07,0.0,0.0,4.326135782939389e-09,3.1206476291956164e-09,-9.608054976628644e-11,0.0,,
a/b DIY v5 subset,250k,0.214,central,ibg150,10,0.049297755491380824,0.0492977561663405,-6.749596784261236e-08,-9.789772048574008e-08,-6.791167905806361e-08,0.0,0.0,-4.5530580972119594e-09,1.90446469705563e-09,-6.617253030249959e-10,0.0,,
a/b DIY v5 subset,250k,0.214,pess,ibg400,5,0.0030487663348335303,0.0030487668179127,-4.830791695484282e-08,-2.8150959896500183e-07,-4.608564058150577e-07,0.0,0.0,7.907219323755044e-11,4.706537715115644e-09,-4.736071222699589e-10,0.0,,
a/b DIY v5 subset,250k,0.214,pess,ibg400,10,0.0018682409393108168,0.0018682414009094,-4.615985831415981e-08,-2.1069264943829324e-07,-9.488366897736356e-08,0.0,0.0,-8.343914448261103e-11,3.6053231511345984e-09,-4.5254784294956885e-10,0.0,,
a/b DIY v5 subset,250k,0.214,central,ibg400,5,0.04944396660671724,0.0494439669272305,-3.205132617645212e-08,2.1244228320949077e-07,-4.818264953687645e-07,0.0,0.0,-3.8764217946685164e-09,3.386578129038753e-09,-3.142286708612829e-10,0.0,,
a/b DIY v5 subset,250k,0.214,central,ibg400,10,0.04845151512423229,0.0484515169331483,-1.8089160100376311e-07,9.06665229005732e-09,-9.908396048086132e-08,0.0,0.0,-1.1670279742581613e-09,5.4241688918210684e-09,-1.773447007302753e-09,0.0,,
a/b DIY v5 subset,250k,0.214,opt,ibg400,5,0.09321217682602057,0.0932121771611244,-3.3510383357082674e-08,-2.8292842929600326e-07,-5.016379645006452e-07,0.0,0.0,-2.6306207212556387e-09,6.077427450179584e-10,-3.285330479885218e-10,0.0,,
a/b DIY v5 subset,250k,0.214,opt,ibg400,10,0.09229591474474563,0.0922959155417479,-7.970022697367796e-08,-1.0675422039418958e-07,-1.030784374522753e-07,0.0,0.0,-1.8233559107017072e-10,-5.864764118790333e-09,-7.813748120755193e-10,0.0,,
a/b DIY v5 subset,250k,0.214,central,ibg1000,5,0.04704740022261633,0.0470474014697668,-1.2471504662325827e-07,-1.6160437571466346e-07,-7.51367137952208e-07,0.0,0.0,-9.246050036715303e-10,-1.5127925578894974e-09,-1.2226966002171213e-09,0.0,,
a/b DIY v5 subset,250k,0.214,central,ibg1000,10,0.046274238918733834,0.0462742400315557,-1.1128218624367747e-07,-4.437920170241583e-09,-1.142247713081801e-07,0.0,0.0,-6.241662020567418e-09,-7.789657807677486e-11,-1.0910017576859499e-09,0.0,,
a/b DIY v5 subset,250k,0.214,pess,prev_500_625_1000,5,0.00206346729903939,0.0020634690264047,-1.727365310250778e-07,-9.58114892979367e-08,-4.0399581735517387e-07,0.0,0.0,1.1239533748153008e-09,1.6267931446378725e-10,-1.693495479265783e-09,0.0,0.0020634690264047,-1.727365310250778e-07
a/b DIY v5 subset,250k,0.214,pess,prev_500_625_1000,10,0.0009841072290318609,0.0009841085078166,-1.2787847391247664e-07,5.601647895536743e-08,5.6920868019005866e-08,0.0,0.0,2.591901138160324e-09,-1.4367729228581538e-10,-1.2537106387766617e-09,0.0,0.0009841085078166,-1.2787847391247664e-07
a/b DIY v5 subset,250k,0.214,central,prev_500_625_1000,5,0.04849664937800091,0.0484966487376391,6.403618121875176e-08,-1.6147256448606484e-07,-2.157793749235637e-07,0.0,0.0,-9.74325176095192e-10,4.42830050406684e-09,6.278055124375737e-10,0.0,0.0484966487376391,6.403618121875176e-08
a/b DIY v5 subset,250k,0.214,central,prev_500_625_1000,10,0.04763332588342095,0.0476333263666424,-4.832214489658426e-08,-1.937861059120305e-07,4.3385459114198e-08,0.0,0.0,-1.1747738892786685e-09,1.6295980120872855e-09,-4.737464205650799e-10,0.0,0.0476333263666424,-4.832214489658426e-08
a/b DIY v5 subset,250k,0.214,opt,prev_500_625_1000,5,0.09233564530736482,0.0923356458343467,-5.269818748043775e-08,-3.410477761311981e-07,-1.0313844778231385e-07,0.0,0.0,9.931477307212333e-10,3.404973858422977e-09,-5.166490013586156e-10,0.0,0.0923356458343467,-5.269818748043775e-08
a/b DIY v5 subset,250k,0.214,opt,prev_500_625_1000,10,0.0915952118752067,0.0915952112789344,5.962722954278021e-08,1.5402083965859736e-07,-1.031885077384942e-07,0.0,0.0,1.6813985759256411e-09,-2.9123374822859205e-09,5.845806477777771e-10,0.0,0.0915952112789344,5.962722954278021e-08
a/b DIY v5 subset,250k,0.12,central,ibg150,5,0.03728119169539312,0.0372811915837195,1.116736217388059e-08,-1.6207194371287148e-07,-2.142849370168065e-08,0.0,0.0,2.2359053775122817e-09,4.587374369258157e-10,1.0948371723107364e-10,0.0,,
a/b DIY v5 subset,250k,0.12,central,ibg150,10,0.03761892001530576,0.0376189208609626,-8.456568431625122e-08,3.9595666675995567e-08,1.8191920192478506e-08,0.0,0.0,-3.880555987656464e-09,-3.792962610660311e-09,-8.290753118755934e-10,0.0,,
a/b DIY v5 subset,250k,0.12,pess,ibg400,5,0.011625218690376471,0.011625219489397,-7.990205285607344e-08,-1.458930795616986e-07,1.2866972765035456e-07,0.0,0.0,-3.936984876995453e-09,-1.7521634698702826e-09,-7.833536822682285e-10,0.0,,
a/b DIY v5 subset,250k,0.12,pess,ibg400,10,0.011833297146437327,0.0118332975680072,-4.21569872760541e-08,-5.266483638077801e-08,-4.800201486299116e-08,0.0,0.0,1.7522754913734673e-09,3.456659014577923e-09,-4.133037367209935e-10,0.0,,
a/b DIY v5 subset,250k,0.12,central,ibg400,5,0.03632909568033149,0.0363290964984098,-8.180783064859476e-08,-1.4936106101925972e-07,1.3176929825053918e-07,0.0,0.0,3.3518413045108275e-10,1.6789036827447035e-10,-8.020375093231724e-10,0.0,,
a/b DIY v5 subset,250k,0.12,central,ibg400,10,0.03666357402674203,0.0366635745282876,-5.015455689649784e-08,-3.2142317453465186e-08,-4.916932277998498e-08,0.0,0.0,-2.9503562370969405e-09,-4.873068615296461e-11,-4.917112238211896e-10,0.0,,
a/b DIY v5 subset,250k,0.12,opt,ibg400,5,0.06162553422213035,0.0616255354805154,-1.2583850489411574e-07,-1.529175138945127e-07,1.5874109804414616e-07,0.0,0.0,-1.7038043476080844e-09,-3.1790575727441706e-09,-1.2337107377358159e-09,0.0,,
a/b DIY v5 subset,250k,0.12,opt,ibg400,10,0.06209371748153736,0.0620937180458571,-5.6431974371218274e-08,-7.256988360931915e-08,-5.26504242981396e-08,0.0,0.0,-6.285091613822402e-10,5.096424504635877e-09,-5.532547753261952e-10,0.0,,
a/b DIY v5 subset,250k,0.12,central,ibg1000,5,0.03401671985708421,0.0340167207250634,-8.679791885235488e-08,-1.4732128850170056e-07,-1.101746360809841e-07,0.0,0.0,3.978617990618716e-10,6.284062548100877e-09,-8.509600177286636e-10,0.0,,
a/b DIY v5 subset,250k,0.12,central,ibg1000,10,0.034608241817960406,0.0346082423837554,-5.6579499418951684e-08,-1.0438509223664738e-07,7.656740241834825e-08,0.0,0.0,1.7946628072529336e-09,8.472329504627396e-10,-5.547012710271915e-10,0.0,,
a/b DIY v5 subset,250k,0.12,pess,prev_500_625_1000,5,0.010749625743574964,0.0107496269712624,-1.2276874360866996e-07,-6.452509082599533e-08,1.2871500532085633e-07,0.0,0.0,2.1190900978407257e-09,-1.2333353227589328e-09,-1.203615391381918e-09,0.0,0.0107496269712624,-1.2276874360866996e-07
a/b DIY v5 subset,250k,0.12,pess,prev_500_625_1000,10,0.011052252867685075,0.0110522527455895,1.2209557496978274e-08,-1.1005153663368183e-07,-4.3393746929076826e-08,0.0,0.0,-6.8556890719939645e-09,9.069269002459635e-09,1.197014657533524e-10,0.0,0.0110522527455895,1.2209557496978274e-08
a/b DIY v5 subset,250k,0.12,central,prev_500_625_1000,5,0.03549008072501392,0.0354900819551038,-1.230089884118879e-07,-6.607038562089773e-08,1.3181057495481596e-07,0.0,0.0,-2.6149402643227404e-09,1.522441617218817e-10,-1.2059703843186886e-09,0.0,0.0354900819551038,-1.230089884118879e-07
a/b DIY v5 subset,250k,0.12,central,prev_500_625_1000,10,0.03591473966914083,0.0359147396700076,-8.667719320065714e-11,8.512072019462025e-08,-4.915749474143638e-08,0.0,0.0,2.9409363833110547e-09,-2.6587139712042074e-09,-8.498601128392735e-13,0.0,0.0359147396700076,-8.667719320065714e-11
a/b DIY v5 subset,250k,0.12,opt,prev_500_625_1000,5,0.06081687320049278,0.0608168744598083,-1.259315519919202e-07,-5.98106211259497e-08,1.3498234197051318e-07,0.0,0.0,-9.995368976944974e-10,2.799151244126108e-09,-1.2346229802395747e-09,0.0,0.0608168744598083,-1.259315519919202e-07
a/b DIY v5 subset,250k,0.12,opt,prev_500_625_1000,10,0.06135155197705955,0.0613515520277353,-5.0675748319850555e-09,-4.817447829541521e-09,-5.035531575048324e-08,0.0,0.0,-2.1208445277753896e-09,2.0959298741018983e-09,-4.9682036262765905e-11,0.0,0.0613515520277353,-5.0675748319850555e-09
a/b DIY v5 subset,1M,0.214,central,ibg150,5,0.05791691195388171,0.0579169132212664,-1.2673846902511166e-07,3.4430644446636904e-08,-1.1102272712282257e-07,0.0,0.0,-2.4614867366601345e-09,-5.955183901562577e-09,-1.2425339437904803e-09,0.0,,
a/b DIY v5 subset,1M,0.214,central,ibg150,10,0.05585147063463991,0.0558514722788268,-1.6441868908034785e-07,-6.702496405108782e-08,-1.1782245457059304e-07,0.0,0.0,-8.85972900599441e-09,4.578507462049686e-09,-1.6119480195087021e-09,0.0,,
a/b DIY v5 subset,1M,0.214,pess,ibg400,5,0.008941465747858923,0.0089414663993826,-6.515236770227029e-08,-1.7011718422832445e-08,-1.0593850241491509e-07,0.0,0.0,4.675129283704393e-09,6.87426249257328e-09,-6.387486945619303e-10,0.0,,
a/b DIY v5 subset,1M,0.214,pess,ibg400,10,0.0069123607653306385,0.0069123630750573,-2.3097266616672885e-07,4.3020516315994684e-08,-1.124316792444624e-07,0.0,0.0,2.0373349673974417e-09,1.3344791938152412e-09,-2.2644379166908424e-09,0.0,,
a/b DIY v5 subset,1M,0.214,central,ibg400,5,0.0576592847780113,0.0576592860450164,-1.2670050980601033e-07,-1.781499253672436e-08,-1.1102671004792342e-07,0.0,0.0,-4.4743059812724084e-09,-5.9541291896891835e-09,-1.2421619011160345e-09,0.0,,
a/b DIY v5 subset,1M,0.214,central,ibg400,10,0.05559963799194301,0.0555996389549604,-9.630173949948251e-08,4.501731279415999e-08,-1.178047659422532e-07,0.0,0.0,-9.83054554426488e-09,4.580278933907778e-09,-9.441345899530162e-10,0.0,,
a/b DIY v5 subset,1M,0.214,opt,ibg400,5,0.10395990376996911,0.1039599050922699,-1.3223007966356448e-07,3.588961697276183e-08,-1.1586261949858567e-07,0.0,0.0,-2.532667131571742e-09,-2.0376982878822503e-09,-1.296373078329971e-09,0.0,,
a/b DIY v5 subset,1M,0.214,opt,ibg400,10,0.10188113595411818,0.1018811376700095,-1.715891317921603e-07,4.692650087956274e-08,-1.229207041708591e-07,0.0,0.0,-5.0978555266034675e-09,3.867274056545966e-09,-1.6822461618160034e-09,0.0,,
a/b DIY v5 subset,1M,0.214,central,ibg1000,5,0.056990606532572596,0.0569906052296648,1.3029077955417634e-07,3.3898456264225274e-08,-1.1103603592133027e-07,0.0,0.0,4.702924605304304e-09,-3.887428712268104e-09,1.2773604396443261e-09,0.0,,
a/b DIY v5 subset,1M,0.214,central,ibg1000,10,0.055079960988437704,0.0550799632606753,-2.2722375994654875e-07,6.333612939668498e-08,-1.1776235819827008e-07,0.0,0.0,-1.0468072686453667e-08,-6.24276896843412e-09,-2.2276837249868287e-09,0.0,,
a/b DIY v5 subset,1M,0.214,pess,prev_500_625_1000,5,0.008228730084505309,0.008228728840799,1.2437063098141854e-07,3.232836498501257e-08,-1.0594356780746494e-07,0.0,0.0,-1.788154235793371e-09,6.710304201185124e-09,1.2193196730070355e-09,0.0,0.008228728840799,1.2437063098141854e-07
a/b DIY v5 subset,1M,0.214,pess,prev_500_625_1000,10,0.006355623919359843,0.0063556260894825,-2.1701226570955412e-07,-7.073091556897282e-08,-1.1241465536215856e-07,0.0,0.0,-6.096681381961844e-09,-4.8111379324922154e-09,-2.1275714124496803e-09,0.0,0.0063556260894825,-2.1701226570955412e-07
a/b DIY v5 subset,1M,0.214,central,prev_500_625_1000,5,0.056990606532572596,0.0569906052296648,1.3029077955417634e-07,3.3898456264225274e-08,-1.1103603592133027e-07,0.0,0.0,4.702924605304304e-09,-3.887428712268104e-09,1.2773604396443261e-09,0.0,0.0569906052296648,1.3029077955417634e-07
a/b DIY v5 subset,1M,0.214,central,prev_500_625_1000,10,0.055079960988437704,0.0550799632606753,-2.2722375994654875e-07,6.333612939668498e-08,-1.1776235819827008e-07,0.0,0.0,-1.0468072686453667e-08,-6.24276896843412e-09,-2.2276837249868287e-09,0.0,0.0550799632606753,-2.2722375994654875e-07
a/b DIY v5 subset,1M,0.214,opt,prev_500_625_1000,5,0.10333416073864332,0.1033341593794071,1.3592362235748112e-07,3.5390577968197334e-08,-1.1587548143232596e-07,0.0,0.0,-1.2131954885141738e-09,-2.200617021941298e-09,1.3325844872014159e-09,0.0,0.1033341593794071,1.3592362235748112e-07
a/b DIY v5 subset,1M,0.214,opt,prev_500_625_1000,10,0.10136991601710954,0.101369917835866,-1.8187564648775023e-07,6.598964838108734e-08,-1.228630724936508e-07,0.0,0.0,-2.8704540966373315e-09,-1.8312840133205555e-10,-1.7830945608920956e-09,0.0,0.101369917835866,-1.8187564648775023e-07
a/b DIY v5 subset,1M,0.12,central,ibg150,5,0.049292833825140825,0.0492928353743852,-1.549244371679137e-07,-7.030147922137964e-08,-9.192790417777985e-08,0.0,0.0,1.3925838260320234e-09,5.572572958634225e-10,-1.5188669835741742e-09,0.0,,
a/b DIY v5 subset,1M,0.12,central,ibg150,10,0.04714667464743316,0.0471466739097421,7.376910610146226e-08,-8.283845467221829e-08,-1.1336968863684405e-08,0.0,0.0,-3.46644590809575e-09,-6.081391168422101e-09,7.232265099299529e-10,0.0,,
a/b DIY v5 subset,1M,0.12,pess,ibg400,5,0.021693189352203435,0.0216931908618925,-1.509689064732589e-07,-6.865386939503004e-08,-8.954991886911401e-08,0.0,0.0,-7.07645886333097e-11,-4.119048990780527e-10,-1.4800874232820393e-09,0.0,,
a/b DIY v5 subset,1M,0.12,pess,ibg400,10,0.019588943196717334,0.0195889439036416,-7.069242656532193e-08,-8.094214326570537e-08,-1.0931619498499856e-08,0.0,0.0,-1.4837162054526232e-09,-4.172856504780498e-10,-6.930630563808243e-10,0.0,,
a/b DIY v5 subset,1M,0.12,central,ibg400,5,0.04905883151653545,0.0490588330663249,-1.5497894495508646e-07,-7.045194115595788e-08,-9.19303633217794e-08,0.0,0.0,1.2493316103867613e-09,-3.5986464363979564e-09,-1.5194014345298879e-09,0.0,,
a/b DIY v5 subset,1M,0.12,central,ibg400,10,0.04693003297913212,0.0469300331507082,-1.7157607973272704e-08,-8.302895896858398e-08,-1.1251216625041138e-08,0.0,0.0,-2.566259760250489e-09,-6.078930692154927e-09,-1.682119686596817e-10,0.0,,
a/b DIY v5 subset,1M,0.12,opt,ibg400,5,0.07456702010280003,0.0745670216899767,-1.5871766678721144e-07,-7.212963758175192e-08,-9.414969914800508e-08,0.0,0.0,1.056110560115897e-09,1.6090003218671711e-09,-1.5560557148353027e-09,0.0,,
a/b DIY v5 subset,1M,0.12,opt,ibg400,10,0.07240873775759604,0.0724087379334484,-1.7585236045114527e-08,-8.498278643298551e-08,-1.15466247674334e-08,0.0,0.0,-2.7572411853693524e-09,-3.1848103598797195e-09,-1.724041256978559e-10,0.0,,
a/b DIY v5 subset,1M,0.12,central,ibg1000,5,0.04849237705191023,0.0484923765040257,5.478845294115686e-08,-7.081448066825757e-08,1.1712446568168389e-07,0.0,0.0,1.5914292106344874e-10,-3.70490588208483e-09,5.371415638666388e-10,0.0,,
a/b DIY v5 subset,1M,0.12,central,ibg1000,10,0.046400858228304975,0.0464008586141498,-3.858448213711618e-08,-7.298069423095077e-08,1.7223678039357537e-08,0.0,0.0,4.570325784492013e-10,2.2715634928616169e-10,-3.782792412643232e-10,0.0,,
a/b DIY v5 subset,1M,0.12,pess,prev_500_625_1000,5,0.02110733841476642,0.0211073391518142,-7.3704778044692e-08,-6.903895233278945e-08,1.1408754496677886e-07,0.0,0.0,-3.871706288904875e-10,-8.871435253077209e-10,-7.225958993488379e-10,0.0,0.0211073391518142,-7.3704778044692e-08
a/b DIY v5 subset,1M,0.12,pess,prev_500_625_1000,10,0.019008256611201313,0.0190082569869693,-3.7576798617156015e-08,-8.226619593876272e-08,1.6740968333817108e-08,0.0,0.0,-1.399262150592051e-09,-9.92043636127704e-09,-3.684001149929436e-10,0.0,0.0190082569869693,-3.7576798617156015e-08
a/b DIY v5 subset,1M,0.12,central,prev_500_625_1000,5,0.04849237705191023,0.0484923765040257,5.478845294115686e-08,-7.081448066825757e-08,1.1712446568168389e-07,0.0,0.0,1.5914292106344874e-10,-3.70490588208483e-09,5.371415638666388e-10,0.0,0.0484923765040257,5.478845294115686e-08
a/b DIY v5 subset,1M,0.12,central,prev_500_625_1000,10,0.046400858228304975,0.0464008586141498,-3.858448213711618e-08,-7.298069423095077e-08,1.7223678039357537e-08,0.0,0.0,4.570325784492013e-10,2.2715634928616169e-10,-3.782792412643232e-10,0.0,0.0464008586141498,-3.858448213711618e-08
a/b DIY v5 subset,1M,0.12,opt,prev_500_625_1000,5,0.07402242578344331,0.0740224265266895,-7.432461868184248e-08,-7.24731921177002e-08,1.1995539839215752e-07,0.0,0.0,-5.182907159007044e-10,-1.4200591258450856e-09,-7.286727540800619e-10,0.0,0.0740224265266895,-7.432461868184248e-08
a/b DIY v5 subset,1M,0.12,opt,prev_500_625_1000,10,0.07192028809410056,0.0719202884893417,-3.952411453678195e-08,-7.677015516349694e-08,1.7670101493116874e-08,0.0,0.0,-2.801374826555403e-09,-7.230273602054638e-10,-3.8749128905557484e-10,0.0,0.0719202884893417,-3.952411453678195e-08
c UCITS trend ETF,any,,pess,,5,0.028105285616911835,0.0281052874789293,-1.8620174638273035e-07,1.6602285518585447e-08,-3.3872636640008835e-08,0.0,0.0,1.4844256657209343e-09,8.82793060874576e-10,-1.8255071169981374e-09,,0.0281052874789293,-1.8620174638273035e-07
c UCITS trend ETF,any,,pess,,10,0.028933530649050798,0.0289335318803809,-1.2313301003819e-07,-2.018282103943836e-08,-1.1864707410991215e-07,0.0,0.0,1.997922882690517e-09,-4.555955057661265e-10,-1.2071863699641971e-09,,0.0289335318803809,-1.2313301003819e-07
c UCITS trend ETF,any,,central,,5,0.0467766553671205,0.0467766572628232,-1.895702698984092e-07,1.69028138707894e-08,-3.4485291011687735e-08,0.0,0.0,-9.48394085487081e-10,2.2950144007438666e-09,-1.8585321372166508e-09,,0.0467766572628232,-1.895702698984092e-07
c UCITS trend ETF,any,,central,,10,0.04761977491138636,0.0476197761649924,-1.2536060384205072e-07,-2.05481636480348e-08,-1.2079306027645842e-07,0.0,0.0,-2.4340994220217738e-09,3.1888158780191134e-11,-1.2290257665747983e-09,,0.0476197761649924,-1.2536060384205072e-07
c UCITS trend ETF,any,,opt,,5,0.06578579220733038,0.0657857941373261,-1.9299957187968175e-07,1.7208922535680987e-08,-3.510867430112086e-08,0.0,0.0,2.5493062938419797e-09,3.5318779012527557e-09,-1.892152698412808e-09,,0.0657857941373261,-1.9299957187968175e-07
c UCITS trend ETF,any,,opt,,10,0.06664405233619586,0.066644053612477,-1.2762811363309368e-07,-2.0919999413337997e-08,-1.2297760032531357e-07,0.0,0.0,8.445871779727554e-10,1.6411175751684937e-09,-1.251255973833132e-09,,0.066644053612477,-1.2762811363309368e-07
e 100% equities (sp),any,,pess,,5,0.0395042373820218,0.0395040454138551,1.919681667031381e-05,1.709198752947172e-05,2.099062144378383e-05,0.0,0.0,1.0406904948911944e-08,3.020502834516492e-07,1.8820408505260122e-07,,0.0395040454138551,1.919681667031381e-05
e 100% equities (sp),any,,pess,,10,0.03500000000000936,0.0349998077967453,1.9220326405444688e-05,1.788821311077271e-05,2.03071577040137e-05,0.0,0.0,1.446077896871678e-07,6.005378456741539e-07,1.884345726503589e-07,,0.0349998077967453,1.9220326405444688e-05
e 100% equities (sp),any,,central,,5,0.06461326157963243,0.0646120145449805,0.00012470346519299902,0.0001115582542919602,0.00013589632484600767,0.0,0.0,7.040817340264738e-08,1.367948744945835e-06,1.2225829921497233e-06,,0.0646120145449805,0.00012470346519299902
e 100% equities (sp),any,,central,,10,0.0599999999999653,0.0599987572857874,0.00012427141779028372,0.00011529620217304304,0.0001323040649786611,0.0,0.0,7.658922769882004e-07,3.4235496128021126e-06,1.2183472334129086e-06,,0.0599987572857874,0.00012427141779028372
e 100% equities (sp),any,,opt,,5,0.08470048464058733,0.084696735755424,0.0003748885163329385,0.00033556939915829753,0.0004083635476853642,0.0,0.0,2.295632332172115e-06,3.1900860050781965e-06,3.675377611409014e-06,,0.084696735755424,0.0003748885163329385
e 100% equities (sp),any,,opt,,10,0.07999999999998963,0.0799962662787142,0.0003733721275434032,0.0003462724217612829,0.000397880227687164,-0.00019999999999999185,0.0,6.8193221296475315e-06,6.180571595737483e-06,3.660511054305593e-06,,0.0799962662787142,0.0003733721275434032
e 70/30 annual rebalance (sp),any,,eq pess / trend pess,,5,0.039048860909759675,0.0390487218839666,1.3902579307223384e-05,1.1254524502971042e-05,1.4381869190005503e-05,0.0,0.0,7.0400960505701e-08,3.6298314171068213e-07,1.3629979720916618e-07,,,
e 70/30 annual rebalance (sp),any,,eq pess / trend pess,,10,0.03761878837209143,0.0376186532669214,1.3510517003073597e-05,1.224480899539998e-05,1.4298893323549944e-05,0.0,0.0,1.9359974473553976e-07,2.6957932713900234e-07,1.3245604900402608e-07,,,
e 70/30 annual rebalance (sp),any,,eq central / trend central,,5,0.06228421372606319,0.0622833406655048,8.73060558390093e-05,7.618724861529341e-05,9.448958884217262e-05,0.0,0.0,2.853313132988866e-07,9.581445002404543e-07,8.559417238387934e-07,,,
e 70/30 annual rebalance (sp),any,,eq central / trend central,,10,0.06084343237855927,0.0608425344353333,8.979432259692555e-05,8.0883187777471e-05,9.38971115568843e-05,0.0,0.0,3.6031934269598054e-08,1.4511348125356704e-06,8.803364961867954e-07,,,
e 70/30 annual rebalance (sp),any,,eq opt / trend opt,,5,0.08210009960159581,0.0820974807733853,0.00026188282105099603,0.00023144965834998033,0.00028266316674518954,0.0,0.0,6.087846076696657e-07,2.988064464415352e-06,2.5674786378951375e-06,,,
e 70/30 annual rebalance (sp),any,,eq opt / trend opt,,10,0.08063696717530466,0.0806343427977406,0.00026243775640699685,0.00024300223722788228,0.00028229286886394256,0.0,0.0,5.264148033035099e-07,4.720471271868476e-06,2.5729191803908202e-06,,,
e 70/30 annual rebalance (sp),any,,eq pess / trend central,,5,0.04468792718356962,0.0446877886384814,1.3854508822130907e-05,1.1509956935815135e-05,1.4363183872823093e-05,0.0,0.0,1.5278215328984324e-07,1.5798633012931163e-07,1.358285177770202e-07,,,
e 70/30 annual rebalance (sp),any,,eq pess / trend central,,10,0.04324765848401013,0.0432475218787291,1.3660528103143221e-05,1.2727233673470034e-05,1.4306183010459605e-05,0.0,0.0,2.819837557899163e-08,1.6475064418264296e-07,1.3392674611326094e-07,,,
e 70/30 annual rebalance (sp),any,,eq central / trend pess,,5,0.05660733702481113,0.056606443138072,8.938867391353189e-05,7.857179101563444e-05,9.643435026768232e-05,0.0,0.0,8.031923646456551e-07,8.263873562674995e-07,8.76359548283856e-07,,,
e 70/30 annual rebalance (sp),any,,eq central / trend pess,,10,0.0552015494801833,0.0552006701381467,8.793420365957316e-05,8.083758775926514e-05,9.231142824722705e-05,0.0,0.0,1.985566461248922e-08,2.0286721312268163e-06,8.621000358449704e-07,,,
e 70/30 annual rebalance (sp),any,,eq central / trend opt,,5,0.06805497354133017,0.068054092846663,8.806946671657823e-05,8.246466959589e-05,9.560070296232848e-05,0.0,0.0,9.399376900143253e-07,7.716526347345543e-07,8.634261441375912e-07,,,
e 70/30 annual rebalance (sp),any,,eq central / trend opt,,10,0.06655946716934236,0.0665585939031079,8.732662344634878e-05,8.250816612258294e-05,9.18959384102469e-05,0.0,0.0,9.0805972741137e-09,1.0379514194802653e-06,8.561433670270513e-07,,,
e 100% equities (nq),any,,pess,,5,0.042727253499009854,0.0427268408152703,4.1268373955627435e-05,3.541691487168874e-05,4.634941965508954e-05,0.0,0.0,7.630843601447168e-08,3.7868302249499664e-07,4.045919016898436e-07,,0.0427268408152703,4.1268373955627435e-05
e 100% equities (nq),any,,pess,,10,0.034999999999992815,0.0349995899672355,4.100327573169915e-05,3.6668953506957536e-05,4.4552638506223374e-05,0.0,0.0,5.434600998110994e-07,2.299349644019344e-07,4.019928992182731e-07,,0.0349995899672355,4.100327573169915e-05
e 100% equities (nq),any,,central,,5,0.06791239211010591,0.0679100657761073,0.00023263339986173692,0.00019791890396442247,0.0002602848512972544,0.0,0.0,1.5053995465752479e-06,7.942985901232547e-07,2.280719606485848e-06,,0.0679100657761073,0.00023263339986173692
e 100% equities (nq),any,,central,,10,0.06000000000000849,0.0599976903733181,0.0002309626690392974,0.00020682740550781453,0.0002513727068359506,0.0,0.0,6.188315528898869e-07,1.129999875004728e-06,2.2643398926019964e-06,,0.0599976903733181,0.0002309626690392974
e 100% equities (nq),any,,opt,,5,0.08806047782097981,0.0880541570522305,0.0006320768749304428,0.0005371095081613264,0.0007068291708878238,0.0,0.0,2.9758034453264415e-06,5.2185113557090546e-06,6.196832107036032e-06,,0.0880541570522305,0.0006320768749304428
e 100% equities (nq),any,,opt,,10,0.07999999999996898,0.0799937252850042,0.000627471496478238,0.00056201124898278,0.0006830745638147784,0.0,0.0,2.149588647970546e-06,7.113440339101551e-06,6.151681337995818e-06,,0.0799937252850042,0.000627471496478238
e 70/30 annual rebalance (nq),any,,eq pess / trend pess,,5,0.04297408834458816,0.042973799820412,2.885241761549362e-05,2.418501363829484e-05,3.294854681867854e-05,0.0,0.0,1.612763100844461e-07,3.5150845029141564e-07,2.828668393198286e-07,,,
e 70/30 annual rebalance (nq),any,,eq pess / trend pess,,10,0.03973456582898616,0.0397342802663569,2.855626292583291e-05,2.654564074978938e-05,3.1095906613543e-05,0.0,0.0,2.9615940350113945e-07,9.177368095469873e-07,2.7996336203484073e-07,,,
e 70/30 annual rebalance (nq),any,,eq central / trend central,,5,0.06631287325130752,0.0663111979186715,0.00016753326360224863,0.00013747570512118168,0.000181776786631338,0.0,0.0,3.615154406388932e-07,7.255214817813993e-07,1.6424829767103244e-06,,,
e 70/30 annual rebalance (nq),any,,eq central / trend central,,10,0.06296784479923812,0.0629662332845338,0.00016115147043194167,0.0001494628289709643,0.00017536497474712753,0.0,0.0,8.966698385459715e-07,1.4121542879497184e-06,1.579916376642787e-06,,,
e 70/30 annual rebalance (nq),any,,eq opt / trend opt,,5,0.08621922480001076,0.0862146772707636,0.00045475292471675033,0.0003739022608313658,0.0004938106536289677,0.0,0.0,6.508016188733201e-07,2.5585714763520784e-06,4.458362007020433e-06,,,
e 70/30 annual rebalance (nq),any,,eq opt / trend opt,,10,0.08279421783262053,0.0827898372870913,0.00043805455292311724,0.00040625703142480735,0.000476656881495674,0.0,0.0,1.1262025247371632e-06,1.1833375888281594e-05,4.294652479655547e-06,,,
e 70/30 annual rebalance (nq),any,,eq pess / trend central,,5,0.048545179503107994,0.0485448945487815,2.8495432649600083e-05,2.46748274285169e-05,3.261807396404137e-05,0.0,0.0,3.3501816387726535e-07,1.0331926048046114e-07,2.7936698680786076e-07,,,
e 70/30 annual rebalance (nq),any,,eq pess / trend central,,10,0.04542003375959369,0.0454197508457748,2.8291381889283818e-05,2.5967471866186753e-05,3.1070232590912905e-05,0.0,0.0,4.1903316555513825e-07,3.33403241681296e-07,2.7736648914797324e-07,,,
e 70/30 annual rebalance (nq),any,,eq central / trend pess,,5,0.06062146855905681,0.0606198513121624,0.00016172468944100626,0.00014103386343708446,0.00018119081995615627,0.0,0.0,1.5732161134374145e-06,1.0625444499257064e-06,1.5855361708769222e-06,,,
e 70/30 annual rebalance (nq),any,,eq central / trend pess,,10,0.057387379031132,0.057385739713336,0.00016393177960025151,0.00014673578270160692,0.00017249152654413846,0.0,0.0,1.6927670686284202e-06,1.1667729589159848e-06,1.6071743097617608e-06,,,
e 70/30 annual rebalance (nq),any,,eq central / trend opt,,5,0.0720354134277037,0.0720337617844502,0.00016516432534974257,0.00014335765563255887,0.00017676330387739192,0.0,0.0,7.347686959424671e-07,4.352899308224245e-07,1.6192580917021027e-06,,,
e 70/30 annual rebalance (nq),any,,eq central / trend opt,,10,0.06875373682774821,0.0687521088769436,0.00016279508046196378,0.00014655485757384106,0.00017365776274758105,0.0,0.0,9.338291077631844e-07,2.17330659157966e-06,1.5960302006262639e-06,,,
