seed,case,med,p10,p90,real_med,P_loss,P_below_cash,dd_med,dd_p10,mean_log,P_touch60,rho
101,DIY 21% 100k,0.03252298382063057,-0.04937557521037963,0.12334112391365641,0.012277435118265068,0.3084,0.4462,-0.46340395282146607,-0.6526564871819943,0.032268398475577824,0.2606,
101,DIY 21% 250k,0.04565516800164726,-0.043774929052501126,0.14340907166189273,0.025152125491811006,0.2567,0.3755,-0.4662274818097733,-0.6633629911549201,0.04450171785878575,0.2458,
101,DIY 21% 1M,0.05392015474546896,-0.037416477517726796,0.15642628173769477,0.03325505367202841,0.2318,0.3377,-0.4612669830007012,-0.6533989091608999,0.05305830043476811,0.2318,
101,DIY 12% 100k,0.020481461548531588,-0.02585926455340126,0.06966748658171343,0.00047202112601141266,0.2848,0.5259,-0.2910717392023586,-0.44078338128534333,0.02069184492142891,0.0639,
101,DIY 12% 250k,0.03511291271680661,-0.010754097853915772,0.08465136418542829,0.014816581094908354,0.1651,0.3729,-0.262360658014224,-0.39505103048822127,0.03480198881646539,0.0292,
101,DIY 12% 1M,0.04612099032560035,-0.005042583662788217,0.09951223556850644,0.025608814044706163,0.1237,0.2831,-0.2635904613947271,-0.4037397219322101,0.04502248661528079,0.0281,
101,ETF,0.04697203581669407,0.00027115213733202047,0.09782397291630396,0.026443172369307932,0.0984,0.2602,-0.25055572943231236,-0.35722897641543866,0.04656340766233347,,
101,100% sp,0.05999925346914914,-0.015918208735753513,0.13202289504916634,0.039214954381518785,0.1518,0.261,-0.3977332200620472,-0.5821206070369725,0.05563567994086094,,
101,70/30 sp,0.06076969062838511,0.012809133725641924,0.10872971581098215,0.03997028492978938,0.0546,0.1594,-0.26360169047286786,-0.36941256281097046,0.058169938247104855,,
101,100% nq,0.060577084333267694,-0.051255678864014,0.15677189736740732,0.03978145522869392,0.2408,0.3277,-0.5113635131385708,-0.7519088455106075,0.051654026921775134,,
101,70/30 nq,0.06416112422567455,-0.005261796903604165,0.1261181961517596,0.04329521982909257,0.1183,0.2217,-0.3357427301524394,-0.5252982384153613,0.05882645590669154,,
202,DIY 21% 100k,0.03219522338701197,-0.04957672514638319,0.12381948902469159,0.01195610135981573,0.314,0.4449,-0.4640577569445956,-0.6489551244315421,0.03234202384476937,0.2685,
202,DIY 21% 250k,0.04586610220595333,-0.043051822941307515,0.14142189516013567,0.025358923731326755,0.2632,0.3746,-0.4666993094657524,-0.6582646568433885,0.04415918760769313,0.2547,
202,DIY 21% 1M,0.05407912445407825,-0.03879238782716885,0.15311463254978622,0.033410906327527856,0.2318,0.3347,-0.4606229190796464,-0.6514546475875008,0.052370995953833675,0.2363,
202,DIY 12% 100k,0.02075683169594067,-0.02552020695580749,0.07017536339352265,0.000741991858765223,0.2902,0.5232,-0.2912515243232614,-0.4377263095067818,0.020643985763147615,0.0615,
202,DIY 12% 250k,0.034986878178620895,-0.01062865289330791,0.08497706521403306,0.014693017822177357,0.1648,0.3746,-0.263126601939404,-0.39128435267938483,0.03484734164609456,0.0257,
202,DIY 12% 1M,0.04637088880255491,-0.005453745388755878,0.09817521347134865,0.025853812551524413,0.1278,0.2796,-0.262657872077179,-0.40185756946340845,0.04480271050399737,0.026,
202,ETF,0.04721318927409224,0.0015192907742574168,0.0981345597241078,0.026679597327541327,0.0925,0.2578,-0.2516188634523039,-0.3590234810667809,0.046981684512981764,,
202,100% sp,0.058904066168281366,-0.016447965764560646,0.1303815509202688,0.03814124134145236,0.1583,0.2698,-0.3988494864045371,-0.5840696171811135,0.05440993003419505,,
202,70/30 sp,0.05977943724085666,0.011965516780640513,0.10826294343810536,0.038999448275349735,0.0555,0.161,-0.2637807317407002,-0.3723237885823027,0.05744816144706714,,
202,100% nq,0.058264797240518695,-0.04923186130867389,0.1539845428476268,0.03751450709854787,0.2394,0.3277,-0.5121089137887628,-0.7495890559516135,0.05047764231279719,,
202,70/30 nq,0.06298833694329709,-0.004871771985146855,0.12466161048170453,0.04214542837578139,0.1173,0.2206,-0.3372399561537626,-0.5259126890547604,0.05807787194049356,,
303,DIY 21% 100k,0.032926316263798494,-0.050946841761420926,0.12421278490068348,0.01267285908215543,0.314,0.4438,-0.46308293150006463,-0.6545136312656843,0.032211810184867344,0.2673,
303,DIY 21% 250k,0.04590327662827176,-0.045199767394060286,0.14317418467868792,0.025395369243403687,0.2617,0.3704,-0.46705359135745317,-0.6615445455824759,0.04453927584357094,0.2479,
303,DIY 21% 1M,0.054179173686403126,-0.04034459741759063,0.15449561194138808,0.03350899381019912,0.2382,0.3439,-0.4590693316740685,-0.6541416183137666,0.052080530888946666,0.2361,
303,DIY 12% 100k,0.020534286233635624,-0.026635515153415064,0.07027299230081388,0.0005238100329760798,0.2889,0.526,-0.2909842459337668,-0.4423317313008252,0.020526052085978692,0.0642,
303,DIY 12% 250k,0.03511050841600516,-0.011541105564989683,0.08523082519632791,0.014814223937259952,0.1691,0.3712,-0.262234037612388,-0.39640951801949986,0.03477411144883974,0.0254,
303,DIY 12% 1M,0.046048068014095556,-0.005774536177753582,0.09924161069480066,0.025537321582446593,0.1288,0.2888,-0.262303554788448,-0.40423235498383725,0.04457248405338872,0.0297,
303,ETF,0.046507708522626645,0.0005036108943119465,0.0973485867461344,0.025987949531986798,0.0984,0.257,-0.2518469442540308,-0.3586109726863931,0.0464653510895688,,
303,100% sp,0.06112643983305954,-0.017552629069931512,0.13110452646056006,0.040320039052019085,0.1573,0.2634,-0.39483228312414187,-0.5807515325574942,0.05541695751506252,,
303,70/30 sp,0.060645545851820915,0.010779601868745627,0.10932182003406961,0.039848574364530265,0.0587,0.1631,-0.2636828853484705,-0.37009009227038536,0.05801093150639325,,
303,100% nq,0.060881563909670366,-0.05193718672340043,0.15652206941503782,0.04007996461732377,0.2382,0.3277,-0.5104720304556685,-0.7476959985541469,0.051557621624234586,,
303,70/30 nq,0.06457014635617409,-0.006722515151574791,0.12742462869746876,0.043696221917817635,0.1232,0.2259,-0.33623262301432555,-0.5227358207881997,0.05875853030224335,,
404,DIY 21% 100k,0.0333363531860541,-0.05196854032827138,0.12480397210214908,0.013074856064758889,0.307,0.4367,-0.46162569758792377,-0.656884362094213,0.03259706864907945,0.2584,
404,DIY 21% 250k,0.04675901025115392,-0.047024721555343915,0.14266792771396827,0.026234323775641055,0.2562,0.3707,-0.4664710462576515,-0.6631354926746049,0.04429076821549237,0.2483,
404,DIY 21% 1M,0.05426301718207016,-0.04164863485540534,0.15481992745018672,0.03359119331575511,0.2307,0.3364,-0.4610189990757326,-0.6549123360493629,0.0515736910626177,0.2351,
404,DIY 12% 100k,0.02134769851801721,-0.026889141922693403,0.07032933742268509,0.0013212730568796793,0.2844,0.5181,-0.29000757504907865,-0.44095354981877827,0.02081565800346924,0.0657,
404,DIY 12% 250k,0.035647060085639004,-0.012289603566532602,0.0854717613621374,0.015340254985920732,0.1675,0.3656,-0.26120868851204243,-0.3970734038392967,0.034990569678796955,0.0323,
404,DIY 12% 1M,0.04691652311316441,-0.007471774980696007,0.09923341036634994,0.026388748150161012,0.1328,0.2815,-0.2632815025737786,-0.40366846117162636,0.044502485757106185,0.0317,
404,ETF,0.046736275702025654,0.00031453308189928215,0.09703484231091507,0.0262120350019861,0.0984,0.2598,-0.2511561447001156,-0.35773367332541267,0.04635242736168043,,
404,100% sp,0.059487880406543625,-0.017137049657464147,0.12979724184898433,0.03871360824170922,0.1574,0.2655,-0.3993755097101098,-0.5824368745324287,0.054475715994524776,,
404,70/30 sp,0.05991119752336016,0.011457122238497488,0.10761387644294976,0.03912862502290215,0.0599,0.164,-0.26378920626760555,-0.3723257871010885,0.057354945744794675,,
404,100% nq,0.05753974004817197,-0.05130660711551419,0.15442063471543327,0.03680366671389401,0.2428,0.3316,-0.5154491982590985,-0.7540597415796022,0.04968556779188515,,
404,70/30 nq,0.06258168613391701,-0.007064332704379634,0.12530061389890987,0.041746751111683356,0.1235,0.229,-0.3400142459555294,-0.5287922757318865,0.057511079084772584,,
gauss,DIY 21% 100k,0.031051230051430623,-0.05561283810503482,0.1265419896661993,0.010834539266108223,0.329,0.4542,-0.4789371513662245,-0.6744172640819066,0.030768735520897678,0.3027,
gauss,DIY 21% 250k,0.044800144156842636,-0.042388772334682925,0.14049802109174891,0.024313866820433905,0.2633,0.3787,-0.46019184649886086,-0.6476751386758128,0.043827779054635745,0.2502,
gauss,DIY 21% 1M,0.053763372206043325,-0.03352300113971944,0.14817464743058054,0.033101345300042384,0.2231,0.3294,-0.4479044746777458,-0.6342697321414916,0.0522360105518961,0.2189,
gauss,DIY 12% 100k,0.020671627537825366,-0.02881252034141196,0.07240082879118513,0.0006584583704170033,0.3023,0.525,-0.30096756530831,-0.45852026526963235,0.02017150853142003,0.0822,
gauss,DIY 12% 250k,0.03539664808750076,-0.01345132398614419,0.08801621627813198,0.015094753026961616,0.1739,0.3772,-0.2724232239664752,-0.4157219916188656,0.03514773683051202,0.0392,
gauss,DIY 12% 1M,0.04481417274098187,-0.004731858844950995,0.09707149383648256,0.02432762033429592,0.1248,0.2901,-0.2573794460441841,-0.3945472087705927,0.043972171349229906,0.0271,
gauss,ETF,0.04748792831821269,-0.001534215102031753,0.10031203038191903,0.026948949331581096,0.108,0.2673,-0.25507105212886005,-0.3860794829596459,0.046673616269958765,,
gauss,100% sp,0.05752636490040075,-0.024316354113358737,0.14390657557485215,0.03679055382392238,0.1868,0.3017,-0.4071153282456317,-0.5854591524219946,0.05519041760941558,,
gauss,70/30 sp,0.06000803180866643,0.0012407338325135077,0.1222691650252418,0.03922356059673171,0.0943,0.2186,-0.28405476670419677,-0.4217856178604769,0.05819774531998313,,-0.020283950571062123
gauss,100% nq,0.051631358975389285,-0.049206235788044284,0.16727580173697437,0.031011136250381766,0.2548,0.3598,-0.5142187823677605,-0.7031729007914431,0.051334823656977,,
gauss,70/30 nq,0.05864100676564632,-0.01293543990522647,0.14086172970748176,0.037883339966320095,0.1508,0.2671,-0.36429584769192075,-0.5266234702064041,0.05813902574671913,,-0.02936485191034352
