horizon,case,scen,med,p10,p90,P_loss,P_below_cash,dd_med,dd_p10,P_touch60,med_sd_seeds
5,DIY 21% 100k,pess,-1.046,-12.134,11.383,54.482,64.24,-41.971,-60.396,29.092,0.059
10,DIY 21% 100k,pess,-1.185,-9.211,7.616,57.262,69.73,-54.623,-74.21,48.168,0.048
5,DIY 21% 100k,central,3.353,-8.205,16.303,36.085,45.49,-36.908,-54.077,16.228,0.056
10,DIY 21% 100k,central,3.275,-5.047,12.404,31.085,44.29,-46.304,-65.325,26.37,0.049
5,DIY 21% 100k,opt,7.931,-4.109,21.432,20.345,28.112,-32.845,-47.928,7.9,0.055
10,DIY 21% 100k,opt,7.899,-0.72,17.385,12.115,20.388,-39.904,-56.557,11.742,0.047
5,DIY 12% 100k,pess,-0.352,-6.708,6.453,52.745,69.42,-26.061,-40.029,5.292,0.047
10,DIY 12% 100k,pess,-0.415,-5.014,4.42,54.38,76.608,-35.119,-52.256,18.372,0.04
5,DIY 12% 100k,central,2.105,-4.399,9.069,34.335,51.523,-22.548,-35.007,1.972,0.048
10,DIY 12% 100k,central,2.078,-2.623,7.011,28.707,52.33,-29.083,-44.045,6.382,0.04
5,DIY 12% 100k,opt,4.619,-2.037,11.746,19.0,33.2,-20.038,-30.512,0.562,0.049
10,DIY 12% 100k,opt,4.618,-0.175,9.656,10.852,26.887,-24.639,-36.86,1.718,0.04
5,DIY 21% 250k,pess,0.212,-11.924,13.17,49.142,58.527,-41.712,-61.409,28.162,0.122
10,DIY 21% 250k,pess,-0.037,-8.761,9.214,50.235,62.63,-54.085,-74.351,44.688,0.047
5,DIY 21% 250k,central,4.844,-7.838,18.391,31.732,40.243,-37.037,-55.378,16.37,0.126
10,DIY 21% 250k,central,4.605,-4.476,14.267,25.945,37.28,-46.661,-66.158,24.918,0.049
5,DIY 21% 250k,opt,9.214,-3.984,23.32,19.015,25.755,-33.358,-50.085,9.135,0.131
10,DIY 21% 250k,opt,8.979,-0.452,19.027,11.042,18.335,-41.34,-58.848,12.965,0.052
5,DIY 12% 250k,pess,1.095,-5.339,7.983,41.468,59.352,-23.823,-36.803,2.725,0.033
10,DIY 12% 250k,pess,1.042,-3.507,5.916,38.725,63.23,-31.268,-47.058,9.78,0.029
5,DIY 12% 250k,central,3.564,-3.023,10.617,24.798,40.468,-20.89,-32.012,0.832,0.034
10,DIY 12% 250k,central,3.521,-1.13,8.508,16.662,37.108,-26.223,-39.495,2.815,0.029
5,DIY 12% 250k,opt,6.092,-0.652,13.314,12.465,23.95,-18.496,-27.809,0.208,0.034
10,DIY 12% 250k,opt,6.058,1.3,11.16,5.185,15.628,-22.478,-33.201,0.588,0.031
5,DIY 21% 1M,pess,0.69,-11.856,14.494,47.315,56.21,-41.547,-61.016,27.625,0.084
10,DIY 21% 1M,pess,0.552,-8.394,10.155,46.935,59.538,-53.808,-74.002,43.012,0.014
5,DIY 21% 1M,central,5.551,-7.596,20.015,30.115,38.067,-36.475,-54.73,15.43,0.088
10,DIY 21% 1M,central,5.411,-3.955,15.471,23.312,33.818,-46.049,-65.348,23.482,0.015
5,DIY 21% 1M,opt,10.171,-3.548,25.263,17.398,23.498,-32.614,-49.105,8.125,0.092
10,DIY 21% 1M,opt,10.029,0.261,20.524,9.348,15.782,-40.423,-57.672,11.592,0.016
5,DIY 12% 1M,pess,1.988,-5.165,9.251,36.288,52.27,-23.613,-37.762,3.308,0.039
10,DIY 12% 1M,pess,1.904,-3.192,7.037,31.693,53.98,-31.138,-47.718,9.578,0.038
5,DIY 12% 1M,central,4.72,-2.624,12.176,20.632,33.78,-20.64,-32.949,1.138,0.04
10,DIY 12% 1M,central,4.636,-0.594,9.904,12.828,28.325,-26.296,-40.337,2.887,0.039
5,DIY 12% 1M,opt,7.266,-0.255,14.902,10.762,19.993,-18.354,-29.015,0.36,0.041
10,DIY 12% 1M,opt,7.183,1.827,12.577,4.222,12.188,-23.01,-34.889,0.785,0.04
5,ETF,pess,2.815,-3.599,10.1,29.378,46.152,-22.651,-33.232,,0.087
10,ETF,pess,2.818,-1.72,7.801,21.545,44.34,-28.183,-40.931,,0.03
5,ETF,central,4.682,-1.848,12.099,18.41,32.71,-20.494,-30.028,,0.088
10,ETF,central,4.686,0.065,9.759,9.692,25.87,-25.129,-35.815,,0.03
5,ETF,opt,6.583,-0.065,14.134,10.222,21.05,-18.756,-27.233,,0.09
10,ETF,opt,6.587,1.883,11.751,3.238,12.215,-22.667,-31.805,,0.031
5,100% sp,pess,3.794,-7.013,13.106,32.22,42.725,-32.406,-52.479,,0.143
10,100% sp,pess,3.488,-3.996,10.416,27.115,41.698,-41.966,-62.294,,0.092
5,70/30 sp,pess,3.768,-3.022,10.308,23.618,38.838,-23.229,-34.662,,0.039
10,70/30 sp,pess,3.709,-1.028,8.419,15.735,35.138,-27.718,-41.772,,0.049
5,100% sp,central,6.301,-4.765,15.837,23.082,31.728,-32.261,-49.856,,0.147
10,100% sp,central,5.988,-1.676,13.083,15.62,26.493,-39.77,-58.234,,0.094
5,70/30 sp,central,6.089,-0.864,12.784,13.122,24.01,-21.337,-31.66,,0.042
10,70/30 sp,central,6.028,1.175,10.848,5.718,16.188,-26.371,-37.104,,0.05
5,100% sp,opt,8.306,-2.968,18.021,17.03,24.445,-32.116,-47.892,,0.149
10,100% sp,opt,7.987,0.179,15.215,9.5,17.288,-38.637,-55.444,,0.096
5,70/30 sp,opt,8.068,0.984,14.887,7.282,14.808,-20.073,-29.429,,0.043
10,70/30 sp,opt,8.005,3.061,12.916,1.953,7.0,-25.902,-33.843,,0.051
5,100% nq,pess,4.101,-11.441,16.551,35.77,43.498,-39.262,-67.327,,0.222
10,100% nq,pess,3.433,-7.333,12.818,33.275,44.168,-53.112,-77.547,,0.162
5,70/30 nq,pess,4.21,-5.471,12.621,27.77,39.277,-27.243,-46.936,,0.075
10,70/30 nq,pess,4.034,-2.757,10.116,22.065,36.817,-35.955,-56.201,,0.091
5,100% nq,central,6.615,-9.3,19.365,28.81,35.392,-37.609,-66.024,,0.227
10,100% nq,central,5.932,-5.093,15.542,24.03,32.868,-51.235,-75.081,,0.166
5,70/30 nq,central,6.541,-3.378,15.152,18.982,28.09,-25.645,-44.53,,0.079
10,70/30 nq,central,6.358,-0.598,12.588,12.058,22.43,-33.731,-52.568,,0.094
5,100% nq,opt,8.626,-7.588,21.616,24.0,29.905,-36.457,-64.69,,0.231
10,100% nq,opt,7.93,-3.302,17.721,17.932,25.482,-49.784,-73.197,,0.169
5,70/30 nq,opt,8.529,-1.577,17.301,13.615,20.528,-24.595,-42.738,,0.082
10,70/30 nq,opt,8.341,1.255,14.689,6.68,13.575,-32.285,-49.936,,0.096
